Year,Species,total,total.var,total.se,itotal,itotal.var,itotal.se,ibb,ibb.var,ibb.se,sing1pair2,sing1pair2.var,sing1pair2.se,flock,flock.var,flock.se,area
1985,BRAN,4312.54203651879,1851252.93299063,1360.60756024308,4587.35910398252,1897401.75304422,1377.46206954828,1164.38371451186,68402.3016017794,261.538336772603,889.566647048139,37988.2046687083,194.905630161646,3422.97538947065,1724764.53618865,1313.30291105619,YKG
1985,CCGO,11800.3754587969,915700.647625941,956.922487783593,13798.0590438671,1169077.38427595,1081.23881926055,10204.9998099832,750073.644732869,866.067921547074,8207.31622491298,524643.75860186,724.322965673366,3593.05923388391,286250.205979585,535.023556471662,YKG
1985,EMGO,16994.9062889934,2287298.38746465,1512.38169370852,18687.419156242,2471880.5381738,1572.22152961146,8819.42056373986,374232.629733251,611.745559635092,7126.90769649129,274629.833878883,524.051365687451,9867.99859250213,1534049.78806063,1238.56763564233,YKG
1985,GWFG,16086.3453234737,1010637.52056163,1005.30469041064,17383.8123899084,1132590.36367599,1064.23228840136,8983.48454417423,355672.843914135,596.383135169108,7686.0174777396,263197.733740633,513.028004830762,8400.32784573412,563685.904109833,750.790186476777,YKG
1985,SWANN,2307.02085003687,41561.1030921975,203.865404353454,2307.02085003687,41561.1030921975,203.865404353454,0,0,0,0,0,0,2307.02085003687,41561.1030921975,203.865404353454,YKG
1985,TAVS,4744.80303704819,1105960.56508188,1051.64659704764,5335.09561904534,1358565.84721777,1165.57532884742,4109.75533530138,848287.363989501,921.025170117245,3519.46275330422,645631.099875934,803.511729768728,1225.34028374397,141214.875114975,375.785677101956,YKG
1985,TUSW,26233.8540144594,18065574.0222616,4250.36163429202,33085.1314613909,18954856.599839,4353.71756087129,18861.5410781011,879367.810342363,937.746133205764,12010.2636311696,380719.507043168,617.024721581857,14223.5903832899,16571478.4221349,4070.80807974717,YKG
1985,JAEG,0,0,0,0,0,0,0,0,0,0,0,0,0,0,0,YKG
1985,SACR,0,0,0,0,0,0,0,0,0,0,0,0,0,0,0,YKG
1985,COEI,0,0,0,0,0,0,0,0,0,0,0,0,0,0,0,YKG
1985,SPEI,0,0,0,0,0,0,0,0,0,0,0,0,0,0,0,YKG
1985,BLSC,0,0,0,0,0,0,0,0,0,0,0,0,0,0,0,YKG
1985,LTDU,0,0,0,0,0,0,0,0,0,0,0,0,0,0,0,YKG
1985,UNSC,0,0,0,0,0,0,0,0,0,0,0,0,0,0,0,YKG
1985,SNGO,0,0,0,0,0,0,0,0,0,0,0,0,0,0,0,YKG
1985,STEI,0,0,0,0,0,0,0,0,0,0,0,0,0,0,0,YKG
1985,KIEI,0,0,0,0,0,0,0,0,0,0,0,0,0,0,0,YKG
1986,BRAN,12549.0226235935,3942543.32691645,1985.5838755682,13065.0514426754,4037735.34370862,2009.41169094554,1934.50966188785,40826.5305770073,202.055761058692,1418.48084280597,23355.9244078661,152.826451924613,11130.5417807875,3620715.63979722,1902.81781571364,YKG
1986,CCGO,10209.4087775403,270911.374969432,520.491474444522,12823.0177750515,407908.223182685,638.676931775906,10307.6219838487,290297.918380506,538.793019981241,7694.01298633753,164897.032149062,406.075155789002,2515.39579120281,68957.7389123266,262.598055804544,YKG
1986,EMGO,9689.04524484408,437258.764809458,661.255445958261,11354.6704200047,500996.492974601,707.811057397807,6839.62850373276,177263.074723469,421.026216194988,5174.00332857218,119271.697223194,345.357347139443,4515.0419162719,233696.948960723,483.422122953349,YKG
1986,GWFG,11501.5890551819,561925.784046743,749.61709161861,12710.1657254799,615240.491771625,784.372674034241,6431.91275612908,151821.634101481,389.642957207597,5223.33608583113,106666.485080311,326.598354374775,6278.2529693508,407124.244413872,638.062884372592,YKG
1986,SWANN,2894.61605451592,38472.0297484131,196.142880952669,2894.61605451592,38472.0297484131,196.142880952669,0,0,0,0,0,0,2894.61605451592,38472.0297484131,196.142880952669,YKG
1986,TAVS,4158.91607839309,432900.8304071,657.951997038614,4905.62669681332,539607.663904765,734.57992342887,3680.97673634591,300088.159025563,547.803029405244,2934.26611792568,217452.838530301,466.318387510402,1224.64996046741,125244.230571151,353.89861623232,YKG
1986,TUSW,20575.4531190702,2612760.95032891,1616.40370895668,28506.9636945781,3225190.20745423,1795.88145696041,20488.08366429,862297.474463712,928.599738565391,12556.573088782,316469.646063119,562.556349233674,8018.88003028814,2114123.63741641,1454.0026263444,YKG
1986,JAEG,0,0,0,0,0,0,0,0,0,0,0,0,0,0,0,YKG
1986,SACR,0,0,0,0,0,0,0,0,0,0,0,0,0,0,0,YKG
1986,COEI,0,0,0,0,0,0,0,0,0,0,0,0,0,0,0,YKG
1986,SPEI,0,0,0,0,0,0,0,0,0,0,0,0,0,0,0,YKG
1986,BLSC,0,0,0,0,0,0,0,0,0,0,0,0,0,0,0,YKG
1986,LTDU,0,0,0,0,0,0,0,0,0,0,0,0,0,0,0,YKG
1986,UNSC,0,0,0,0,0,0,0,0,0,0,0,0,0,0,0,YKG
1986,SNGO,0,0,0,0,0,0,0,0,0,0,0,0,0,0,0,YKG
1986,STEI,0,0,0,0,0,0,0,0,0,0,0,0,0,0,0,YKG
1986,KIEI,0,0,0,0,0,0,0,0,0,0,0,0,0,0,0,YKG
1987,BRAN,11101.3583979858,1320560.06355122,1149.15623983479,12316.830736844,1509598.85077375,1228.65733659705,4055.96751876269,150812.252812395,388.345532757099,2840.49517990449,73428.439503585,270.976824661418,8260.86321808132,928654.456408592,963.667191725749,YKG
1987,CCGO,13689.0623961012,562960.495489085,750.306934186993,17471.7935451347,767551.107231251,876.099941348732,13013.2749855302,389043.536684297,623.733546223302,9230.54383649663,219661.985332188,468.681112625832,4458.51855960457,227827.083666406,477.312354403703,YKG
1987,EMGO,8424.36860489769,589542.967417742,767.817014279928,10611.548638581,786286.114817908,886.72775687801,7110.93798864845,306010.741755894,553.182376577466,4923.75795496512,154946.408159301,393.632326110676,3500.61064993257,321967.010229268,567.421369203935,YKG
1987,GWFG,12182.1416323496,1211259.03614313,1100.57214036297,13617.7615692091,1368247.70306932,1169.72120741197,6672.82628381925,294394.841250719,542.581644778663,5237.20634695979,190649.501464206,436.634288007947,6944.93528538985,796497.646089504,892.467168073708,YKG
1987,SWANN,1763.39827457933,30020.8942112183,173.265386650705,1763.39827457933,30020.8942112183,173.265386650705,0,0,0,0,0,0,1763.39827457933,30020.8942112183,173.265386650705,YKG
1987,TAVS,3446.9667564765,525867.203136917,725.167017408347,4269.37781629521,820458.639239096,905.79171956863,3284.91132881521,508495.917871284,713.088997160442,2462.5002689965,262892.408943425,512.730347203503,984.466487480003,124082.911337253,352.254043748618,YKG
1987,TUSW,19900.4463576961,5277770.36410934,2297.33984514902,25349.1994959599,5650959.32202114,2377.1746511397,15369.593390918,732598.553340187,855.919711970806,9920.84025265415,324326.303468607,569.496535080423,9979.60610504195,4792974.09601868,2189.28620696762,YKG
1987,JAEG,0,0,0,0,0,0,0,0,0,0,0,0,0,0,0,YKG
1987,SACR,8758.51209521282,392684.39096444,626.645347038051,13460.3912489379,923201.702071362,960.833857683711,12688.2354311651,918470.96823777,958.368910304257,7986.35627744003,379113.732593109,615.722122871274,772.155817772792,27970.9679235423,167.245232887345,YKG
1987,COEI,0,0,0,0,0,0,0,0,0,0,0,0,0,0,0,YKG
1987,SPEI,0,0,0,0,0,0,0,0,0,0,0,0,0,0,0,YKG
1987,BLSC,0,0,0,0,0,0,0,0,0,0,0,0,0,0,0,YKG
1987,LTDU,0,0,0,0,0,0,0,0,0,0,0,0,0,0,0,YKG
1987,UNSC,0,0,0,0,0,0,0,0,0,0,0,0,0,0,0,YKG
1987,SNGO,0,0,0,0,0,0,0,0,0,0,0,0,0,0,0,YKG
1987,STEI,0,0,0,0,0,0,0,0,0,0,0,0,0,0,0,YKG
1987,KIEI,0,0,0,0,0,0,0,0,0,0,0,0,0,0,0,YKG
1988,BRAN,18890.4458215776,5271458.38575561,2295.96567608395,19774.4293502068,5545065.94076026,2354.79636927703,3701.58972950997,154646.57208076,393.251283635235,2817.60620088069,90978.7639481554,301.626862113034,16072.8396206969,4686404.9991125,2164.81061506832,YKG
1988,CCGO,20115.8425961464,784073.854856266,885.479449143946,23914.0284901853,972656.004934192,986.233240635395,15987.1374977438,405373.249082552,636.689287708339,12188.9516037049,239948.626743643,489.845513140258,7926.89099244155,401711.337232889,633.807018920498,YKG
1988,EMGO,11597.6172494627,542498.437006279,736.544932102773,13174.741503378,662143.843099684,813.72221494788,6534.68547357187,243839.926821358,493.801505487132,4957.56121965659,155684.001921765,394.568120762138,6640.05602980615,272026.821662363,521.561905877301,YKG
1988,GWFG,22001.5761743731,1921914.36654486,1386.33126147572,23760.8352841213,2067995.51050863,1438.05268001858,11471.9617822372,526674.176092664,725.723209007858,9712.70267248905,415944.544345141,644.937628259618,12288.8735018841,1078931.7472641,1038.71639404801,YKG
1988,SWANN,3145.22387018545,78196.0148075472,279.635503481849,3145.22387018545,78196.0148075472,279.635503481849,0,0,0,0,0,0,3145.22387018545,78196.0148075472,279.635503481849,YKG
1988,TAVS,7330.89290702669,2652585.64296821,1628.67603990732,8400.51734882605,2850007.65583658,1688.19656907499,4711.21899466991,665554.535743291,815.815258341796,3641.59455287055,481280.48807551,693.743820207077,3689.29835415613,1713902.55628015,1309.16101235874,YKG
1988,TUSW,23162.4426533946,7113347.92778291,2667.08603681676,31680.0097959669,8039917.56616225,2835.47483962779,21254.6750702991,1179095.99636825,1085.86186799622,12737.1079277268,417261.81943952,645.958063220454,10425.3347256678,6012602.26464572,2452.06081993203,YKG
1988,JAEG,0,0,0,0,0,0,0,0,0,0,0,0,0,0,0,YKG
1988,SACR,10950.2582451654,1769126.25155862,1330.08505425729,15691.4354950291,2352251.40238832,1533.70512237142,12229.6617892319,754365.931993255,868.542418073669,7488.4845393682,322736.013468867,568.098594848523,3461.77370579715,1135131.63913332,1065.42556714832,YKG
1988,COEI,0,0,0,0,0,0,0,0,0,0,0,0,0,0,0,YKG
1988,SPEI,0,0,0,0,0,0,0,0,0,0,0,0,0,0,0,YKG
1988,BLSC,0,0,0,0,0,0,0,0,0,0,0,0,0,0,0,YKG
1988,LTDU,0,0,0,0,0,0,0,0,0,0,0,0,0,0,0,YKG
1988,UNSC,0,0,0,0,0,0,0,0,0,0,0,0,0,0,0,YKG
1988,SNGO,0,0,0,0,0,0,0,0,0,0,0,0,0,0,0,YKG
1988,STEI,0,0,0,0,0,0,0,0,0,0,0,0,0,0,0,YKG
1988,KIEI,0,0,0,0,0,0,0,0,0,0,0,0,0,0,0,YKG
1989,BRAN,25296.3338646504,10078213.858263,3174.62026993197,26414.1018220237,10492867.4051619,3239.26957895787,4223.49090768017,146062.979991177,382.18186769021,3105.72295030688,78589.5329148435,280.338247327837,22190.6109143436,9015903.20212574,3002.64936383284,YKG
1989,CCGO,19658.6473124865,665845.903457016,815.993813369327,25272.8524642176,1006166.65458614,1003.07858843968,21132.6041671782,723027.620649989,850.310308446269,15518.399015447,415106.556833705,644.287635170585,4140.24829703947,121528.584707177,348.609501745401,YKG
1989,EMGO,12410.9160810672,593448.496811369,770.356084425487,14340.1327326988,688653.940235258,829.851757987689,8179.03377330918,235045.895555918,484.815321082078,6249.81712167766,158510.880460833,398.13424929392,6161.09895938959,268219.157884351,517.898791159383,YKG
1989,GWFG,25146.3143853969,3683957.85771073,1919.36392008153,27228.8627020593,4105940.12787409,2026.31195226058,11215.7910846506,447702.549263274,669.105783313277,9133.24276798822,332284.883359166,576.44156977023,16013.0716174086,2630971.32446577,1622.0269185392,YKG
1989,SWANN,2573.76377292015,51271.2322108623,226.431517706485,2573.76377292015,51271.2322108623,226.431517706485,0,0,0,0,0,0,2573.76377292015,51271.2322108623,226.431517706485,YKG
1989,TAVS,7172.61456645339,1480281.94568679,1216.66837950478,8850.89906165091,2075127.9053186,1440.53042498886,7129.05682293992,1698363.8200235,1303.2128836163,5450.7723277424,1116929.30159364,1056.8487600379,1721.84223871099,301471.294370988,549.064016641947,YKG
1989,TUSW,33197.0198654415,43142426.2840419,6568.28944886276,40302.1208983765,45570089.9581932,6750.56219571328,18903.1320531223,1204125.26688791,1097.32641765698,11798.0310201873,490745.668003946,700.532417525375,21398.9888452542,40574383.3918821,6369.80246097806,YKG
1989,JAEG,0,0,0,0,0,0,0,0,0,0,0,0,0,0,0,YKG
1989,SACR,12233.6288411194,978801.039827822,989.343741996593,16495.7435140377,1324209.15555826,1150.74287117421,12916.2564072856,522729.285829081,723.000197668771,8654.14173436723,255276.228071755,505.248679435934,3579.48710675218,547206.970794475,739.734392058714,YKG
1989,COEI,0,0,0,0,0,0,0,0,0,0,0,0,0,0,0,YKG
1989,SPEI,0,0,0,0,0,0,0,0,0,0,0,0,0,0,0,YKG
1989,BLSC,0,0,0,0,0,0,0,0,0,0,0,0,0,0,0,YKG
1989,LTDU,0,0,0,0,0,0,0,0,0,0,0,0,0,0,0,YKG
1989,UNSC,0,0,0,0,0,0,0,0,0,0,0,0,0,0,0,YKG
1989,SNGO,0,0,0,0,0,0,0,0,0,0,0,0,0,0,0,YKG
1989,STEI,0,0,0,0,0,0,0,0,0,0,0,0,0,0,0,YKG
1989,KIEI,0,0,0,0,0,0,0,0,0,0,0,0,0,0,0,YKG
1990,BRAN,27542.0640652274,11712924.1845018,3422.41496380871,28371.913232377,11906394.7073459,3450.56440417302,2945.06515431893,56196.0193980118,237.056996095901,2115.21598716936,29821.9798102586,172.690416092668,25426.8480780581,11201840.7875967,3346.91511508683,YKG
1990,CCGO,26298.346897472,1461917.79135722,1209.09792463523,31563.8068615013,1875650.37078188,1369.54385500497,20356.1659847356,714209.820752652,845.109354316146,15090.7060207063,413954.97377961,643.393327428572,11207.6408767657,677453.4271888,823.075590203476,YKG
1990,EMGO,12765.061563949,608997.360551292,780.382829482615,14608.6467658787,738153.133544014,859.15838676231,7386.25622202921,230776.4329604,480.391957635013,5542.6710200995,147399.063581957,383.925856881192,7222.39054384949,370028.524126299,608.299699265337,YKG
1990,GWFG,33944.6592885637,9661119.7051865,3108.23417798378,36246.3604268165,10468915.9209457,3235.57041662605,11401.8232871645,732240.375645287,855.710450821589,9100.12214891179,458189.242258126,676.896773709349,24844.5371396519,7817700.01674537,2796.01502441338,YKG
1990,SWANN,2678.77482527777,51154.1130276544,226.172750409183,2678.77482527777,51154.1130276544,226.172750409183,0,0,0,0,0,0,2678.77482527777,51154.1130276544,226.172750409183,YKG
1990,TAVS,6519.51805003232,2350082.56196015,1532.99790018126,7829.95532156581,3488012.96723425,1867.62227638092,6625.49058349637,2213814.96215677,1487.88943210064,5315.05331196288,1368331.69502511,1169.75710941422,1204.46473806944,312058.909017071,558.622331291071,YKG
1990,TUSW,27404.9010807318,17272298.4296425,4155.9954799834,34738.6845010505,17585161.6033779,4193.46653776776,19271.1579432469,1018685.09313553,1009.2993080031,11937.3745229282,460872.997652569,678.876275658952,15467.5265578037,17164012.2077877,4142.94728518088,YKG
1990,JAEG,0,0,0,0,0,0,0,0,0,0,0,0,0,0,0,YKG
1990,SACR,13070.8548627834,1685363.63152988,1298.2155566507,18613.9755425069,2218321.93171268,1489.40321327459,14355.7522977968,757833.198711515,870.536155889872,8812.63161807321,327482.259781618,572.260657202308,4258.22324471016,1166405.66878341,1080.00262443358,YKG
1990,COEI,0,0,0,0,0,0,0,0,0,0,0,0,0,0,0,YKG
1990,SPEI,0,0,0,0,0,0,0,0,0,0,0,0,0,0,0,YKG
1990,BLSC,0,0,0,0,0,0,0,0,0,0,0,0,0,0,0,YKG
1990,LTDU,0,0,0,0,0,0,0,0,0,0,0,0,0,0,0,YKG
1990,UNSC,0,0,0,0,0,0,0,0,0,0,0,0,0,0,0,YKG
1990,SNGO,0,0,0,0,0,0,0,0,0,0,0,0,0,0,0,YKG
1990,STEI,0,0,0,0,0,0,0,0,0,0,0,0,0,0,0,YKG
1990,KIEI,0,0,0,0,0,0,0,0,0,0,0,0,0,0,0,YKG
1991,BRAN,20120.8695719969,5431100.85298926,2330.47223819321,21219.5737883586,5711939.42190862,2389.96640602093,4322.48628646318,156469.377050335,395.562102646772,3223.78207010146,86711.7664943965,294.468617163861,16897.0875018955,4621120.57451254,2149.67917943877,YKG
1991,CCGO,22987.693348116,985010.265305971,992.476833636922,29365.54630758,1453363.14013883,1205.55511700578,22745.8958852146,824478.667198037,908.008076614981,16368.0429257506,453717.325432671,673.585425490094,6619.65042236543,242365.611821915,492.306420658836,YKG
1991,EMGO,10641.8198926081,825122.195959198,908.36237040027,12431.7030396037,939647.71857648,969.35427918614,5542.98499413121,115628.677794642,340.042170612178,3753.10184713553,52457.0597295308,229.035062227448,6888.71804547254,645187.148592073,803.235425384161,YKG
1991,GWFG,27958.463898733,3227104.72627787,1796.41440828052,30399.4635619564,3486093.45247962,1867.10831300158,12537.4556490834,597761.15319507,773.150149191649,10096.45598586,449910.849021913,670.753940742738,17862.007912873,2344124.55546915,1531.05341365648,YKG
1991,SWANN,2244.82068491861,31508.7762785272,177.507116134895,2244.82068491861,31508.7762785272,177.507116134895,0,0,0,0,0,0,2244.82068491861,31508.7762785272,177.507116134895,YKG
1991,TAVS,5850.48999364138,1096304.06707777,1047.04539876634,7085.76503455983,1454059.82036451,1205.84402820784,5356.48709555687,757938.422483752,870.596589979396,4121.21205463842,478196.280266523,691.51737524557,1729.27793900296,292045.76978353,540.412592177061,YKG
1991,TUSW,18061.03182653,3492281.87829238,1868.7648001534,24791.9837588664,3956070.91299782,1988.9874089591,17293.0715843176,693888.586323511,832.999751694747,10562.1196519811,257684.429807811,507.626269816497,7498.91217454886,3095095.5170204,1759.28835527903,YKG
1991,JAEG,0,0,0,0,0,0,0,0,0,0,0,0,0,0,0,YKG
1991,SACR,15066.6522284696,2325441.75467324,1524.93991838145,20782.1229342002,2839537.45546169,1685.09271420349,14268.3132759935,748360.253906604,865.07817791608,8552.84257026292,301016.086755833,548.649329495474,6513.80965820664,1709812.06758144,1307.59782333156,YKG
1991,COEI,0,0,0,0,0,0,0,0,0,0,0,0,0,0,0,YKG
1991,SPEI,0,0,0,0,0,0,0,0,0,0,0,0,0,0,0,YKG
1991,BLSC,0,0,0,0,0,0,0,0,0,0,0,0,0,0,0,YKG
1991,LTDU,0,0,0,0,0,0,0,0,0,0,0,0,0,0,0,YKG
1991,UNSC,0,0,0,0,0,0,0,0,0,0,0,0,0,0,0,YKG
1991,SNGO,0,0,0,0,0,0,0,0,0,0,0,0,0,0,0,YKG
1991,STEI,0,0,0,0,0,0,0,0,0,0,0,0,0,0,0,YKG
1991,KIEI,0,0,0,0,0,0,0,0,0,0,0,0,0,0,0,YKG
1992,BRAN,17810.3841765261,3301085.10376022,1816.88885289118,19531.0164452026,3651626.31654562,1910.92289654649,5973.4055401021,308018.738912808,554.994359352244,4252.77327142553,179231.059385616,423.356893631857,13557.6109051005,2381938.74225099,1543.3530841162,YKG
1992,CCGO,36471.4969306432,2324801.80925488,1524.73007750713,44588.0166890274,3124711.10170561,1767.68523830053,28643.6883771675,1202037.84740654,1096.3748662782,20527.1686187832,613463.592221957,783.23916668024,15944.3283118599,1131447.68992258,1063.69529937975,YKG
1992,EMGO,10898.4247063528,366307.173543341,605.233156348313,13250.7513089671,490465.851277671,700.332671862216,8002.85804868549,227207.298693662,476.66266761061,5650.53144607121,131754.425452303,362.979924310288,5247.89326028163,164242.225659289,405.268091094388,YKG
1992,GWFG,30014.5443818622,4351522.94888403,2086.03042856139,33286.5609672709,4876337.94881659,2208.2431815397,14002.0451653096,720183.463863419,848.636237656287,10730.0285799009,448208.484274616,669.483744593262,19284.5158019613,3025565.52432398,1739.41528230724,YKG
1992,SWANN,2761.63377128803,66289.3988888577,257.467277316667,2761.63377128803,66289.3988888577,257.467277316667,0,0,0,0,0,0,2761.63377128803,66289.3988888577,257.467277316667,YKG
1992,TAVS,6824.42225462661,2173641.27207851,1474.32739650273,8167.5278337952,2981431.47861736,1726.68221703282,5172.16455102478,1062610.47277691,1030.82999217956,3829.05897185619,539034.407284605,734.189626244205,2995.36328277042,1173882.76090639,1083.45870290768,YKG
1992,TUSW,18558.4775161802,3714206.39716186,1927.22764539166,26492.4657526397,4697008.04937182,2167.25818705844,20117.6900425859,1419930.44951368,1191.60834568816,12183.7018061265,527466.834591146,726.269119948759,6374.77571005377,2745047.97725616,1656.81863137042,YKG
1992,JAEG,0,0,0,0,0,0,0,0,0,0,0,0,0,0,0,YKG
1992,SACR,11995.7292388942,928414.661494725,963.542765784023,17265.3603282608,1309289.7262523,1144.24198762862,13242.4399593304,680039.612363459,824.645143297078,7972.80886996373,270504.564648564,520.100533213112,4022.92036893045,634032.128853437,796.261344568124,YKG
1992,COEI,0,0,0,0,0,0,0,0,0,0,0,0,0,0,0,YKG
1992,SPEI,0,0,0,0,0,0,0,0,0,0,0,0,0,0,0,YKG
1992,BLSC,0,0,0,0,0,0,0,0,0,0,0,0,0,0,0,YKG
1992,LTDU,0,0,0,0,0,0,0,0,0,0,0,0,0,0,0,YKG
1992,UNSC,0,0,0,0,0,0,0,0,0,0,0,0,0,0,0,YKG
1992,SNGO,0,0,0,0,0,0,0,0,0,0,0,0,0,0,0,YKG
1992,STEI,0,0,0,0,0,0,0,0,0,0,0,0,0,0,0,YKG
1992,KIEI,0,0,0,0,0,0,0,0,0,0,0,0,0,0,0,YKG
1993,BRAN,30477.2023486639,10863870.6737196,3296.03863352959,31543.3122888966,11131725.1192754,3336.42400172331,4430.71911482315,90402.7670801135,300.670529118026,3364.60917459042,59229.9498597637,243.372040012331,27112.5931740735,10146057.1399103,3185.28760709457,YKG
1993,CCGO,36675.446736156,1614819.10987744,1270.75533045407,45494.458775112,2370285.77092102,1539.57324311675,33815.6310095491,1248145.44830729,1117.20430016505,24996.6189705931,670189.295594048,818.650899708813,11678.8277655629,434525.756889653,659.185677096865,YKG
1993,EMGO,13572.1583280746,804986.444678701,897.210368129293,15524.4717277352,987277.863108953,993.618570231532,8592.9307396737,378609.241641129,615.312312278187,6640.61734001319,264537.746704853,514.332330993156,6931.54098806145,337148.37767054,580.644794750233,YKG
1993,GWFG,36850.951006649,6009003.93077764,2451.32697345288,39837.8646112774,6650101.08780121,2578.77899165501,15119.8780289413,1129195.97766828,1062.63633368537,12132.964424313,796955.650311241,892.723725634779,24717.986582336,3577666.49368504,1891.47204411935,YKG
1993,SWANN,2821.00597123773,66192.7881866761,257.279591469429,2821.00597123773,66192.7881866761,257.279591469429,0,0,0,0,0,0,2821.00597123773,66192.7881866761,257.279591469429,YKG
1993,TAVS,7788.12668939513,3675328.19589599,1917.11454949776,8645.23946395442,4313057.81589878,2076.79026767239,6520.83549667083,2260853.8095205,1503.6135838441,5663.72272211154,1794058.67883167,1339.42475668911,2124.40396728359,550429.861056536,741.909604370058,YKG
1993,TUSW,19753.4806243783,1737389.35888137,1318.1006634098,27529.0193018711,2463486.15126012,1569.54966511421,19676.9975039744,1128475.49932305,1062.29727445901,11901.4588264816,396183.814500057,629.431342165336,7852.02179789668,1276921.29371455,1130.00942195831,YKG
1993,JAEG,0,0,0,0,0,0,0,0,0,0,0,0,0,0,0,YKG
1993,SACR,13606.5089906538,1962176.63323677,1400.77715331054,19289.8268508818,2371864.64125957,1540.08592009003,15983.5442400303,1024247.03994195,1012.05090778179,10300.2263798023,536114.769892966,732.198586377334,3306.28261085158,1565173.18084473,1251.06881539136,YKG
1993,COEI,0,0,0,0,0,0,0,0,0,0,0,0,0,0,0,YKG
1993,SPEI,0,0,0,0,0,0,0,0,0,0,0,0,0,0,0,YKG
1993,BLSC,0,0,0,0,0,0,0,0,0,0,0,0,0,0,0,YKG
1993,LTDU,0,0,0,0,0,0,0,0,0,0,0,0,0,0,0,YKG
1993,UNSC,0,0,0,0,0,0,0,0,0,0,0,0,0,0,0,YKG
1993,SNGO,0,0,0,0,0,0,0,0,0,0,0,0,0,0,0,YKG
1993,STEI,0,0,0,0,0,0,0,0,0,0,0,0,0,0,0,YKG
1993,KIEI,0,0,0,0,0,0,0,0,0,0,0,0,0,0,0,YKG
1994,BRAN,29240.3998326864,6452079.99253005,2540.09448496115,30487.4071573399,6718295.76480757,2591.96754702052,5662.01632461384,156958.290051992,396.179618420725,4415.00899996037,90112.4556464302,300.187367566375,24825.3908327261,5602926.85023907,2367.0502424408,YKG
1994,CCGO,55157.7955212344,3421516.66830694,1849.73421558529,64495.4941908162,4178104.10914825,2044.04112217642,41034.3264731472,1727900.35845693,1314.49623752103,31696.6278035654,1113374.51246102,1055.16563271413,23461.167717669,1688973.7065695,1299.60521181222,YKG
1994,EMGO,14548.9299755706,551500.697641655,742.630929629015,17100.8701867676,696319.629450822,834.45768583603,10558.3217798723,290194.080268053,538.696649579383,8006.38156867529,178780.34043951,422.824242965691,6542.54840689528,250909.134081214,500.908309055873,YKG
1994,GWFG,53214.7466028118,9059041.72694117,3009.82420199937,56599.9560762632,9531627.41221079,3087.33338209705,20196.6113612389,1323225.470361,1150.315378651,16811.4018877875,1016072.7433771,1008.00433698328,36403.3447150243,6215669.77082834,2493.1244996647,YKG
1994,SWANN,3089.75556872863,105468.054927976,324.758456284014,3089.75556872863,105468.054927976,324.758456284014,0,0,0,0,0,0,3089.75556872863,105468.054927976,324.758456284014,YKG
1994,TAVS,5848.10225516088,1196677.18329506,1093.92741226055,7151.13349313094,1884812.92695188,1372.88489209834,5669.8180800127,1288775.60248239,1135.24253024734,4366.78684204264,722155.739873992,849.797469915034,1481.31541311824,171467.447912743,414.086280758905,YKG
1994,TUSW,18333.2683778806,1264593.3469732,1124.54139406836,26755.4388313427,2208000.30363895,1485.93415185161,21155.5276292712,1479286.20916608,1216.25910445352,12733.3571758091,550266.107711907,741.799236796525,5599.91120207153,676969.239794233,822.781404623508,YKG
1994,JAEG,0,0,0,0,0,0,0,0,0,0,0,0,0,0,0,YKG
1994,SACR,11508.2759199351,629561.653428785,793.449212885604,16610.5058824364,1032456.83078589,1016.09882924147,13886.179188127,695778.42372686,834.133336899359,8783.94922562571,340014.558169135,583.107672877947,2724.32669430936,211126.360629185,459.484886181455,YKG
1994,COEI,0,0,0,0,0,0,0,0,0,0,0,0,0,0,0,YKG
1994,SPEI,0,0,0,0,0,0,0,0,0,0,0,0,0,0,0,YKG
1994,BLSC,0,0,0,0,0,0,0,0,0,0,0,0,0,0,0,YKG
1994,LTDU,0,0,0,0,0,0,0,0,0,0,0,0,0,0,0,YKG
1994,UNSC,0,0,0,0,0,0,0,0,0,0,0,0,0,0,0,YKG
1994,SNGO,0,0,0,0,0,0,0,0,0,0,0,0,0,0,0,YKG
1994,STEI,0,0,0,0,0,0,0,0,0,0,0,0,0,0,0,YKG
1994,KIEI,0,0,0,0,0,0,0,0,0,0,0,0,0,0,0,YKG
1995,BRAN,32716.0917621637,9912251.21384294,3148.37278825792,34041.6574574467,10157509.1908077,3187.08474798015,5771.51776198985,190369.834244214,436.313917087473,4445.95206670685,118017.722833589,343.537076359436,28270.1396954569,9004881.80914847,3000.81352455438,YKG
1995,CCGO,57972.6684163244,4252088.44444324,2062.05927277643,69728.2792234839,5738308.68692767,2395.4767139189,49329.4774787103,3392213.09924074,1841.79616115376,37573.8666715507,2188297.26107373,1479.28944465704,20398.8017447736,1129762.98164027,1062.90309136829,YKG
1995,EMGO,14280.8310203648,499689.292129967,706.887043402245,17463.1952305492,744817.974795231,863.028374270065,11634.5671835915,375327.833073914,612.640051803597,8452.20297340707,190650.819628781,436.635797466013,5828.62804695774,190780.807980659,436.784624249365,YKG
1995,GWFG,72408.5647073069,18761700.3683238,4331.47785037899,77928.816389742,20292598.9917115,4504.73073465124,27069.5373207346,2737951.31864049,1654.67559317242,21549.2856382995,2066568.27279351,1437.55635464962,50859.2790690074,11479304.9906854,3388.11230491043,YKG
1995,SWANN,3546.14122255607,133840.440034544,365.842097132826,3546.14122255607,133840.440034544,365.842097132826,0,0,0,0,0,0,3546.14122255607,133840.440034544,365.842097132826,YKG
1995,TAVS,5243.85539651369,1476172.58828859,1214.97843120303,6613.00126474793,2758763.87296301,1660.95270039908,5917.91586423727,2458342.2946441,1567.91016791272,4548.76999600303,1248979.43503505,1117.57748502511,695.085400510664,55188.9069385523,234.923193700733,YKG
1995,TUSW,22531.3251325459,2881926.91494767,1697.62390267917,32791.1974196528,5414041.78016189,2326.80935621333,26306.4983398824,3615237.03461115,1901.37766753771,16046.6260527755,1275783.97401155,1129.50607524331,6484.69907977041,1220751.25698638,1104.87612743981,YKG
1995,JAEG,0,0,0,0,0,0,0,0,0,0,0,0,0,0,0,YKG
1995,SACR,11852.0313978238,777975.25191838,882.029053896968,18216.6250158544,1692312.77211874,1300.88922361542,16935.3331567979,1595316.09390703,1263.05823060817,10570.7395387672,679304.900536403,824.199551405121,1281.29185905658,77037.5202683628,277.556337107195,YKG
1995,COEI,531.770116546625,35121.5333032736,187.407399275679,686.222025354191,52668.2961393216,229.495743183445,686.222025354191,52668.2961393216,229.495743183445,531.770116546625,35121.5333032736,187.407399275679,0,0,0,YKG
1995,SPEI,1233.25170338047,14365.0225534884,119.854172032051,1822.96505807231,31359.9402766017,177.087380342592,1791.19310377887,30057.2440199998,173.37025125436,1201.47974908703,13437.1578499976,115.918755384957,31.7719542934377,384.46370600273,19.6077460714568,YKG
1995,BLSC,0,0,0,0,0,0,0,0,0,0,0,0,0,0,0,YKG
1995,LTDU,0,0,0,0,0,0,0,0,0,0,0,0,0,0,0,YKG
1995,UNSC,0,0,0,0,0,0,0,0,0,0,0,0,0,0,0,YKG
1995,SNGO,0,0,0,0,0,0,0,0,0,0,0,0,0,0,0,YKG
1995,STEI,0,0,0,0,0,0,0,0,0,0,0,0,0,0,0,YKG
1995,KIEI,0,0,0,0,0,0,0,0,0,0,0,0,0,0,0,YKG
1996,BRAN,27772.7023816905,5443417.19428733,2333.11319791547,29077.6842724265,5597162.06110887,2365.83221321988,5541.45169268808,161718.451019698,402.142326819371,4236.46980195209,104583.26736136,323.393363199308,23536.2325797384,4917823.73430901,2217.61667884894,YKG
1996,CCGO,64100.7736431837,5195012.93668822,2279.25710192778,73788.8755960085,6501457.44555658,2549.79556936563,39337.5679389942,2215528.32604654,1488.46509063751,29649.4659861694,1259483.42794497,1122.26709296182,34451.3076570143,2806363.11283746,1675.22031770077,YKG
1996,EMGO,20554.6095558304,5107132.92493172,2259.89666244537,23577.727325951,5212984.02186101,2283.19601039004,11593.137414382,232392.517391863,482.071070892937,8570.01964426134,143245.618698773,378.478029347508,11984.589911569,4654587.41336419,2157.44928407696,YKG
1996,GWFG,73876.1042201808,17332587.5381312,4163.24243086217,77948.3266438631,18787797.7083702,4334.48932498053,21913.0027145337,1774030.99260339,1331.92754780558,17840.7802908514,1149362.53748852,1072.08326984825,56035.3239293294,12840323.3173792,3583.33968769069,YKG
1996,SWANN,4023.62438335295,93105.2288857379,305.131494417961,4023.62438335295,93105.2288857379,305.131494417961,0,0,0,0,0,0,4023.62438335295,93105.2288857379,305.131494417961,YKG
1996,TAVS,5936.02042421114,1331882.75583992,1154.07224896881,6612.8172376552,1564612.71060197,1250.84479876681,3923.91605758246,509755.64652368,713.971740703846,3247.11924413841,346585.208890853,588.714879114545,2688.90118007273,585618.500311048,765.257146527263,YKG
1996,TUSW,22653.133512499,1982614.0543461,1408.05328533621,33695.4436095201,3386201.87071146,1840.16354455561,27805.6103536653,2215710.88382905,1488.52641354766,16763.3002566441,801142.106770192,895.065420385679,5889.83325585484,1166476.41464976,1080.03537657327,YKG
1996,JAEG,0,0,0,0,0,0,0,0,0,0,0,0,0,0,0,YKG
1996,SACR,12701.341389136,2787555.74933083,1669.59748123038,16673.2872548891,3336234.85730764,1826.53630057211,10226.7972165087,601594.82605007,775.625441853264,6254.85135075556,244312.942645548,494.280226840553,6446.49003838039,2250773.55525259,1500.25782959216,YKG
1996,COEI,390.036360244516,6993.24436075468,83.6256202413751,502.833979674832,9724.08275813096,98.6107639060309,348.513058820992,5654.76927209789,75.1981999259151,235.715439390676,2879.08849363947,53.6571383288325,154.32092085384,4325.56096762868,65.7689970094472,YKG
1996,SPEI,1363.0427064955,16089.7860704622,126.845520498212,2072.33464117444,34053.0410104441,184.534660729209,1967.90947236976,29170.0030222595,170.792280335674,1258.61753769082,10883.3479019007,104.323285521022,104.425168804684,5553.94969589863,74.524826037359,YKG
1996,BLSC,0,0,0,0,0,0,0,0,0,0,0,0,0,0,0,YKG
1996,LTDU,0,0,0,0,0,0,0,0,0,0,0,0,0,0,0,YKG
1996,UNSC,0,0,0,0,0,0,0,0,0,0,0,0,0,0,0,YKG
1996,SNGO,0,0,0,0,0,0,0,0,0,0,0,0,0,0,0,YKG
1996,STEI,0,0,0,0,0,0,0,0,0,0,0,0,0,0,0,YKG
1996,KIEI,0,0,0,0,0,0,0,0,0,0,0,0,0,0,0,YKG
1997,BRAN,29257.0548320731,7417462.20207805,2723.50182707448,30450.4847566704,7606022.3285501,2757.9017982064,6709.32104670207,233105.091856416,482.809581363519,5515.89112210471,160954.239072694,401.191025663205,23741.1637099684,6723626.5531447,2592.99567164018,YKG
1997,CCGO,78884.5049710316,7149950.24680891,2673.93908808875,87302.770399921,8261172.44514902,2874.22553832315,48986.6340578556,2600221.22105977,1612.5201459392,40568.3686289661,1815584.34136143,1347.43621049808,38316.1363420655,3050733.66264459,1746.63495403149,YKG
1997,EMGO,20078.0100117248,1453695.96605406,1205.69314755209,22525.0245128859,1676796.69228326,1294.91184730207,12354.1587954595,368573.98694559,607.102945920698,9907.14429429835,216694.470852389,465.504533653958,10170.8657174264,886134.655535452,941.34725555209,YKG
1997,GWFG,79164.734963672,19882579.5387891,4458.98862285935,83334.0661036378,20682697.6951554,4547.82340193146,27642.47835056,1502944.17927481,1225.94623832973,23473.1472105942,1180738.04280871,1086.61770775591,55691.5877530779,14470760.642449,3804.04529973672,YKG
1997,SWANN,4039.30067124774,103655.77481513,321.956169090034,4039.30067124774,103655.77481513,321.956169090034,0,0,0,0,0,0,4039.30067124774,103655.77481513,321.956169090034,YKG
1997,TAVS,5654.39589443749,1023708.71344671,1011.78491461709,6696.90409502965,1224647.7931213,1106.63805877139,4532.6965105662,494473.887824824,703.188372930628,3490.18830997403,319737.179323064,565.453074377586,2164.20758446346,577620.923354697,760.013765240273,YKG
1997,TUSW,28044.5478273792,9721461.03434585,3117.92575831206,38757.0270193577,11477381.481991,3387.82843160497,28158.8445450741,1968097.5959195,1402.88901767727,17446.3653530956,769921.282105307,877.45158390951,10598.1824742836,8122341.14774763,2849.97213104754,YKG
1997,JAEG,0,0,0,0,0,0,0,0,0,0,0,0,0,0,0,YKG
1997,SACR,9338.79818914081,829296.530638537,910.657197104672,13569.7996277795,1226929.07110547,1107.66830373784,11483.7925641158,562321.885647857,749.881247697165,7252.79112547715,268216.628564161,517.896349247763,2086.00706366365,324128.58861311,569.322921208263,YKG
1997,COEI,585.132300649293,34637.7996926777,186.11233084532,834.59637593733,71648.2278735314,267.671866047837,713.394701183708,53896.4016258846,232.155985548261,463.930625895671,21536.6507005938,146.753707621286,121.201674753622,6083.19657077986,77.9948496426518,YKG
1997,SPEI,1608.36463861723,56677.3168462678,238.069983085369,2243.55098546673,77001.8563012294,277.492083312713,2021.65485567834,42402.8691831997,205.919569694577,1386.46850882884,22001.0484258317,148.327503942565,221.896129788385,34845.6897328074,186.670002230694,YKG
1997,BLSC,0,0,0,0,0,0,0,0,0,0,0,0,0,0,0,YKG
1997,LTDU,0,0,0,0,0,0,0,0,0,0,0,0,0,0,0,YKG
1997,UNSC,0,0,0,0,0,0,0,0,0,0,0,0,0,0,0,YKG
1997,SNGO,0,0,0,0,0,0,0,0,0,0,0,0,0,0,0,YKG
1997,STEI,0,0,0,0,0,0,0,0,0,0,0,0,0,0,0,YKG
1997,KIEI,0,0,0,0,0,0,0,0,0,0,0,0,0,0,0,YKG
1998,BRAN,19186.4759933419,2142509.70180845,1463.73143090133,20518.5451645838,2252714.99927398,1500.9047269144,7867.43371030225,241540.952701766,491.468160415063,6535.3645390603,186504.766496889,431.861976211022,12651.1114542816,1563328.63140061,1250.33140862757,YKG
1998,CCGO,52223.9055302117,4706172.28874184,2169.37140405737,61689.0496621865,6080337.67703627,2465.83407329777,44350.5046510467,3293897.51404364,1814.90978124083,34885.3605190719,2207409.81289918,1485.73544512446,17338.5450111398,1140937.42824096,1068.14672598897,YKG
1998,EMGO,16769.3079263846,765727.654725913,875.058657877238,19714.1203789847,1063098.98198412,1031.06691440669,14201.3246277377,592137.712190153,769.504848711269,11256.5121751376,350958.155562369,592.417214100307,5512.79575124699,202999.265560803,450.554398004062,YKG
1998,GWFG,75912.8988827664,29249248.0100567,5408.25739125429,81680.424779117,31974309.0726458,5654.58301492213,38185.0933373624,7596487.56932757,2756.17263053815,32417.5674410119,6269003.62184715,2503.79783965222,43495.3314417546,11373865.3276928,3372.5161715984,YKG
1998,SWANN,4712.75443649612,155639.675513118,394.511945970104,4712.75443649612,155639.675513118,394.511945970104,0,0,0,0,0,0,4712.75443649612,155639.675513118,394.511945970104,YKG
1998,TAVS,7034.96158183535,2248740.88026694,1499.58023468801,8580.88703271853,3310079.35827972,1819.36234936302,6771.96049035121,2107592.42401584,1451.75494626877,5226.03503946803,1244854.18426381,1115.73033671394,1808.92654236732,300555.328890084,548.229266721582,YKG
1998,TUSW,35298.2896318525,18985592.0344014,4357.24592310342,46722.537889781,20511185.9666019,4528.92768396691,29258.6521096744,2510212.69806478,1584.36507726748,17834.4038517459,849694.638907138,921.788825549072,17463.8857801066,18109120.6833344,4255.48125167229,YKG
1998,JAEG,0,0,0,0,0,0,0,0,0,0,0,0,0,0,0,YKG
1998,SACR,16654.0175089722,3952891.72335289,1988.18805029929,22289.3822119293,4989725.77050474,2233.76940853454,16543.8514481499,1487056.33637815,1219.44919384866,10908.4867451928,722284.915189423,849.873470105652,5745.53076377944,2396754.56156266,1548.14552338036,YKG
1998,COEI,329.126568027297,11305.9029493253,106.329219640348,452.684889870856,12992.1262880517,113.983008769078,351.263842522893,2896.30709539974,53.8173493903196,227.705520679334,1210.08375667333,34.7862581585506,101.421047347963,7970.38357314633,89.2770047276807,YKG
1998,SPEI,1378.96883241591,9605.82374720521,98.0093043909874,2075.99586386266,20942.4976623964,144.715229545464,2075.99586386266,20942.4976623964,144.715229545464,1378.96883241591,9605.82374720521,98.0093043909874,0,0,0,YKG
1998,BLSC,0,0,0,0,0,0,0,0,0,0,0,0,0,0,0,YKG
1998,LTDU,0,0,0,0,0,0,0,0,0,0,0,0,0,0,0,YKG
1998,UNSC,0,0,0,0,0,0,0,0,0,0,0,0,0,0,0,YKG
1998,SNGO,0,0,0,0,0,0,0,0,0,0,0,0,0,0,0,YKG
1998,STEI,0,0,0,0,0,0,0,0,0,0,0,0,0,0,0,YKG
1998,KIEI,0,0,0,0,0,0,0,0,0,0,0,0,0,0,0,YKG
1999,BRAN,19619.9874746889,3174449.73587334,1781.69855359243,21101.2835188445,3410013.45703657,1846.62217495528,8704.35987547367,389002.679437153,623.700793199073,7223.06383131802,275451.089222922,524.834344553519,12396.9236433708,2129224.48315823,1459.18624005239,YKG
1999,CCGO,60405.1689330037,4723901.30782658,2173.45377402571,70177.6826171697,5761190.22190151,2400.24795008797,48489.0317549329,2427479.12413801,1558.03694569096,38716.518070767,1622001.12969516,1273.57808150704,21688.6508622367,1753232.91737502,1324.09701962319,YKG
1999,EMGO,17559.296018595,1079927.44859721,1039.19557764514,20274.4189223897,1393191.39809488,1180.33529054031,15367.1081719559,911782.103672426,954.872820679501,12651.9852681613,637287.86441148,798.303115621804,4907.31075043378,217352.888258678,466.211205633968,YKG
1999,GWFG,84110.4900967899,30617632.2665781,5533.32018471533,90405.2368251222,32496471.646869,5700.56766005535,46272.7415262236,6340620.14260842,2518.05880443814,39977.9947978913,5248818.87176645,2291.0300896685,44132.4952988986,13056881.6195149,3613.43072709508,YKG
1999,SWANN,4659.64247264353,120154.707612006,346.633390792067,4659.64247264353,120154.707612006,346.633390792067,0,0,0,0,0,0,4659.64247264353,120154.707612006,346.633390792067,YKG
1999,TAVS,11480.5751988327,3678429.17230564,1917.92314035408,12909.1867447872,4288095.67199373,2070.77175758067,7771.76353757096,1266889.11833227,1125.56169014953,6343.15199161647,908187.629202653,952.988787553481,5137.42320721619,1398824.02411159,1182.71891170793,YKG
1999,TUSW,24201.2059435846,1597021.92309723,1263.73332752493,35484.7702925231,2726800.09821517,1651.30254593614,30573.0040327487,2164248.91707262,1471.13864644792,19289.4396838103,724556.27904533,851.208716499855,4911.76625977438,967164.603679553,983.445272335758,YKG
1999,JAEG,0,0,0,0,0,0,0,0,0,0,0,0,0,0,0,YKG
1999,SACR,12618.5153798332,857087.317309923,925.790104348671,18697.4685031737,1575611.36107956,1255.23358825342,16306.1313577926,1035668.52469917,1017.67800639454,10227.178234452,394150.743656808,627.814258882998,2391.33714538112,308267.188044967,555.218144556684,YKG
1999,COEI,476.480495492175,10925.7973490187,104.526538969865,718.340535655654,27657.8887258367,166.306610589708,718.340535655654,27657.8887258367,166.306610589708,476.480495492175,10925.7973490187,104.526538969865,0,0,0,YKG
1999,SPEI,1793.01519672392,16219.9309097874,127.35749255457,2948.67424628478,40142.4563791883,200.355824420425,2948.67424628478,40142.4563791883,200.355824420425,1793.01519672392,16219.9309097874,127.35749255457,0,0,0,YKG
1999,BLSC,106.488310544805,1873.88261741549,43.2883658436709,122.678854500322,2160.6316638581,46.4825952788579,122.678854500322,2160.6316638581,46.4825952788579,106.488310544805,1873.88261741549,43.2883658436709,0,0,0,YKG
1999,LTDU,106.488310544805,1477.67934285913,38.4405949857586,167.827737794966,3164.73860752645,56.2560095236629,167.827737794966,3164.73860752645,56.2560095236629,106.488310544805,1477.67934285913,38.4405949857586,0,0,0,YKG
1999,UNSC,1132.74145391211,65873.9066523699,256.659125402488,1467.1471546681,123782.208505165,351.826958184226,1467.1471546681,123782.208505165,351.826958184226,1132.74145391211,65873.9066523699,256.659125402488,0,0,0,YKG
1999,SNGO,0,0,0,0,0,0,0,0,0,0,0,0,0,0,0,YKG
1999,STEI,0,0,0,0,0,0,0,0,0,0,0,0,0,0,0,YKG
1999,KIEI,0,0,0,0,0,0,0,0,0,0,0,0,0,0,0,YKG
2000,BRAN,23176.3730352338,4974997.95840876,2230.47034466024,24619.5812549065,5156544.95214701,2270.80271096963,7899.92689763517,320708.699392936,566.311486191951,6456.71867796248,211695.860989887,460.104184929769,16719.6543572713,4431382.65407723,2105.08495174832,YKG
2000,CCGO,61494.2237943017,4247420.12867565,2060.92700711977,72392.1744266434,5456665.28996568,2335.95061804947,51066.8151659598,2474662.433177,1573.10598281775,40168.8645336181,1537808.84822211,1240.08421013337,21325.3592606836,1487719.36113403,1219.7210177471,YKG
2000,EMGO,14184.8189312796,365246.743084961,604.356470210224,17259.9920291232,488292.219992016,698.779092411913,11762.284543556,255880.280821856,505.84610389115,8687.11144571245,141814.956059458,376.583265771938,5497.70748556718,195060.571218796,441.656621391321,YKG
2000,GWFG,79038.8981374383,20520024.1379718,4529.90332545539,85601.0605357502,22447250.3000143,4737.85292089299,40108.5952168552,3977538.19316308,1994.37664275409,33546.4328185433,3035874.54164732,1742.37611945507,45492.465318895,9642335.86125361,3105.21108159391,YKG
2000,SWANN,4444.7818106435,98474.087383101,313.805811582738,4444.7818106435,98474.087383101,313.805811582738,0,0,0,0,0,0,4444.7818106435,98474.087383101,313.805811582738,YKG
2000,TAVS,8220.30592068993,4744755.57669623,2178.24598626882,9696.45398913316,6180219.88285003,2486.00480346479,7568.95978767564,3034530.07026653,1741.99026124331,6092.81171923241,2002612.1710032,1415.13680292868,2127.49420145751,917104.775480839,957.655875291766,YKG
2000,TUSW,25985.3501548805,5719843.61830948,2391.61945516202,37641.9005426476,6900032.84935407,2626.79136007298,29785.3536818379,2313669.84192282,1521.0752255963,18128.8032940707,811252.66508268,900.695656191746,7856.54686080973,4974958.49384565,2230.46149795186,YKG
2000,JAEG,0,0,0,0,0,0,0,0,0,0,0,0,0,0,0,YKG
2000,SACR,11512.3068216268,739472.350053926,859.925781712542,17321.2716079485,1182055.94411998,1087.22396226352,15247.7857715947,739346.079808569,859.852359308602,9438.82098527298,312802.782405345,559.287745624151,2073.48583635384,375428.005612181,612.721801156268,YKG
2000,COEI,534.099289634379,44466.6849599725,210.871252094667,697.8555812159,57698.1204824017,240.204330690356,519.122241081537,12366.0090590776,111.202558689437,355.365949500016,7125.43745794816,84.4123063181439,178.733340134363,25302.0548109695,159.066196317664,YKG
2000,SPEI,1640.97068239425,16745.5170534858,129.40447076313,2528.3926816241,38291.0031724481,195.680870737147,2528.3926816241,38291.0031724481,195.680870737147,1640.97068239425,16745.5170534858,129.40447076313,0,0,0,YKG
2000,BLSC,4836.69180193051,1016210.92108174,1008.07287488641,5286.4528696857,1231002.92002461,1109.50570977558,5093.90409293208,1225149.90470684,1106.86489903097,4644.14302517689,1010328.97026243,1005.15121760979,192.54877675362,6367.03045231642,79.7936742625405,YKG
2000,LTDU,1375.82759242753,102787.745809865,320.605280383628,2009.70799708353,190623.013417798,436.603954881077,2009.70799708353,190623.013417798,436.603954881077,1375.82759242753,102787.745809865,320.605280383628,0,0,0,YKG
2000,UNSC,15571.3527984794,3700419.92886525,1923.64755838102,20369.0507019225,7245594.21916018,2691.76414627288,20369.0507019225,7245594.21916018,2691.76414627288,15571.3527984794,3700419.92886525,1923.64755838102,0,0,0,YKG
2000,SNGO,130.374108273583,12094.6103189481,109.97549872107,130.374108273583,12094.6103189481,109.97549872107,0,0,0,0,0,0,130.374108273583,12094.6103189481,109.97549872107,YKG
2000,STEI,0,0,0,0,0,0,0,0,0,0,0,0,0,0,0,YKG
2000,KIEI,0,0,0,0,0,0,0,0,0,0,0,0,0,0,0,YKG
2001,BRAN,28743.4833802058,6805235.03151283,2608.68454043658,30592.1906017511,7067180.13256612,2658.41684702872,5356.86954109694,190810.75454248,436.818903600199,3508.16231955159,79594.5988360854,282.125147471978,25235.3210606542,6551079.78457056,2559.50772309258,YKG
2001,CCGO,58703.8562470934,5571656.46316402,2360.43565113816,76756.2441860503,8001134.68045435,2828.62770269513,50018.8829875142,3091898.39360263,1758.37947940785,31966.4950485573,1267672.72852379,1125.90973373703,26737.361198536,2952823.22067178,1718.37807850071,YKG
2001,EMGO,22092.4107939242,994852.895874814,997.423127802245,27674.0291948954,1364819.56493783,1168.25492292471,17364.7917299379,571222.869637774,755.792874826016,11783.1733289667,291463.79857021,539.873872835323,10309.2374649574,445959.800754534,667.802216793665,YKG
2001,GWFG,91659.3383663466,27079369.1562923,5203.78411891695,110470.957592362,36752801.1963308,6062.40886086799,61419.7696303348,11077659.1669329,3328.31175927571,42608.1504043192,6091156.27120033,2468.02679709932,49051.1879620274,10741743.3814045,3277.45989775688,YKG
2001,SWANN,3203.62222263737,94861.4454671993,307.99585300325,3203.62222263737,94861.4454671993,307.99585300325,0,0,0,0,0,0,3203.62222263737,94861.4454671993,307.99585300325,YKG
2001,TAVS,5936.63090971013,1286206.48531731,1134.11043788395,7814.24996663031,2183242.27400452,1477.57987060075,6151.79377967602,1331746.73625124,1154.01331718973,4274.17472275585,670500.762617539,818.841109506319,1662.45618695429,175182.388195973,418.547952086703,YKG
2001,TUSW,21553.2594809132,1911102.60061076,1382.42634545597,32202.2823659881,2929574.08374755,1711.59986087507,25194.6051532895,1516583.61949904,1231.49649593454,14545.5822682147,484202.538114394,695.846634046896,7007.67721269855,1503738.6480462,1226.27021820078,YKG
2001,JAEG,0,0,0,0,0,0,0,0,0,0,0,0,0,0,0,YKG
2001,SACR,10445.8149682481,469943.374642708,685.52416050983,16138.8134756342,970994.973627427,985.390772042963,14866.7198175081,818821.340541743,904.887473966649,9173.72131012189,356769.690876752,597.302009771231,1272.09365812616,82292.9823421629,286.867534486151,YKG
2001,COEI,1055.30744295025,120363.134977955,346.93390577739,1357.76336638957,138553.118327512,372.227240173946,892.521856096978,27228.590152963,165.010878892766,590.065932657662,13088.8150767732,114.406359424523,465.241510292591,103300.550430296,321.404029891188,YKG
2001,SPEI,1215.46192693964,11170.6749256771,105.691413680001,2049.44926061408,27619.4393797732,166.19097261817,2049.44926061408,27619.4393797732,166.19097261817,1215.46192693964,11170.6749256771,105.691413680001,0,0,0,YKG
2001,BLSC,0,0,0,0,0,0,0,0,0,0,0,0,0,0,0,YKG
2001,LTDU,0,0,0,0,0,0,0,0,0,0,0,0,0,0,0,YKG
2001,UNSC,0,0,0,0,0,0,0,0,0,0,0,0,0,0,0,YKG
2001,SNGO,0,0,0,0,0,0,0,0,0,0,0,0,0,0,0,YKG
2001,STEI,0,0,0,0,0,0,0,0,0,0,0,0,0,0,0,YKG
2001,KIEI,0,0,0,0,0,0,0,0,0,0,0,0,0,0,0,YKG
2002,BRAN,17908.27284963,1664535.05585373,1290.16861528008,19623.4556873434,1854008.34968076,1361.61975223656,8986.34813234071,357816.012364252,598.177241596713,7271.16529462733,248739.217860333,498.737624267844,10637.1075550027,1045475.94617607,1022.48518139681,YKG
2002,CCGO,39096.6391377868,1966853.71661896,1402.44561984376,49456.7011032095,2785959.02275513,1669.11923563151,41530.4434592077,1669375.24771253,1292.04305180305,31170.3814937851,979577.109644154,989.735878729348,7926.25764400177,538239.163592091,733.647847125643,YKG
2002,EMGO,15697.9060899537,667545.163577693,817.034371111578,19193.3478236098,991941.311357873,995.962504995983,15492.9895589816,854773.889163206,924.539825623108,11997.5478253255,539563.70998935,734.550005097917,3700.35826462816,90008.6825205612,300.014470518609,YKG
2002,GWFG,80963.1711982518,24757568.3980177,4975.69778001214,87610.6269087068,27512079.4775162,5245.19584739371,49694.4807409967,8614077.31254474,2934.97484018939,43047.0250305417,6937609.73639398,2633.93426956596,37916.1461677101,8410050.00974658,2900.00862235728,YKG
2002,SWANN,5608.13597557511,130353.508415499,361.045022698692,5608.13597557511,130353.508415499,361.045022698692,0,0,0,0,0,0,5608.13597557511,130353.508415499,361.045022698692,YKG
2002,TAVS,4865.23290211298,811178.147325063,900.65428846204,5991.33415017118,1126159.4292323,1061.20659121224,4913.55811185255,743426.540624648,862.221862761927,3787.45686379435,461887.993708763,679.623420512244,1077.77603831863,222636.879792413,471.844126584631,YKG
2002,TUSW,29115.8153180195,14267682.368223,3777.25857841677,41938.5428837113,14857441.8007906,3854.53522500321,32357.1537492016,2473886.16267336,1572.85923167757,19534.4261835098,957394.765797934,978.465515896158,9581.3891345097,14422842.2953004,3797.74173625596,YKG
2002,JAEG,0,0,0,0,0,0,0,0,0,0,0,0,0,0,0,YKG
2002,SACR,8031.72051648492,628748.231459138,792.936461173995,12681.1962007061,1195650.07075311,1093.45785046938,12203.8502273417,1078697.18927032,1038.60348028991,7554.37454312054,518574.279528088,720.121017279796,477.345973364382,67280.0182790147,259.383920625421,YKG
2002,COEI,1446.80146279836,355620.940457975,596.339618387019,1667.31311397644,394303.493074981,627.9358988583,850.24548599907,39113.7963640433,197.772081862035,629.733834820991,20789.148169776,144.184424158007,817.067627977374,273758.079019984,523.218958964585,YKG
2002,SPEI,3064.233859189,410431.77189952,640.649492233873,4383.52041834958,444349.763832182,666.595652425203,3731.74939249644,68511.528335471,261.747069392326,2412.46283333586,34593.5364028084,185.993377309001,651.771025853144,313198.529580593,559.641429471222,YKG
2002,BLSC,6953.92221796205,3900511.31979209,1974.97121999084,7724.00155229913,4085634.23937695,2021.29518858007,4878.51372652191,1068644.64169011,1033.75269851648,4108.43439218483,833754.5187569,913.101592790693,2845.48782577722,3316951.6845868,1821.25003351731,YKG
2002,LTDU,1852.57486220764,70268.2561344037,265.081602783754,2663.19611754652,150444.695464669,387.872009127584,2663.19611754652,150444.695464669,387.872009127584,1852.57486220764,70268.2561344037,265.081602783754,0,0,0,YKG
2002,UNSC,18660.685356039,5151774.98943437,2269.7521867892,19893.0686465524,5340116.76685406,2310.86926649996,18854.4491890561,4751536.92760515,2179.80203862763,17622.0658985428,4604951.86757493,2145.9151585221,1038.61945749627,481077.922452693,693.597810299811,YKG
2002,SNGO,551.774903177511,193804.549216387,440.232380926695,551.774903177511,193804.549216387,440.232380926695,0,0,0,0,0,0,551.774903177511,193804.549216387,440.232380926695,YKG
2002,STEI,0,0,0,0,0,0,0,0,0,0,0,0,0,0,0,YKG
2002,KIEI,0,0,0,0,0,0,0,0,0,0,0,0,0,0,0,YKG
2003,BRAN,19576.6631552813,2369108.27640179,1539.1907862256,20019.75928028,2420836.26921126,1555.90368249814,3568.43838702947,94068.6351065212,306.706105427527,3125.34226203071,71661.569681241,267.696786833987,16451.3208932506,2005572.10197898,1416.18222767375,YKG
2003,CCGO,64650.8195720423,5356641.27723487,2314.44189325091,70845.441091642,6028089.29422084,2455.21675096535,42049.0030760284,1925233.20381834,1387.52773082859,35854.3815564287,1463314.22447072,1209.67525579005,28796.4380156136,2229731.83314412,1493.22866070275,YKG
2003,EMGO,18943.5481649693,1595389.94348198,1263.08746469988,20899.3057870031,1725352.3856764,1313.52669774025,12131.1407577861,442319.655635068,665.071165842475,10175.3831357523,349416.380108665,591.114523682733,8768.16502921699,780612.057390053,883.522527947111,YKG
2003,GWFG,109975.397639858,73446727.1329371,8570.10659985844,115842.535412592,77277400.6417052,8790.75654546895,50956.6304075863,9577937.99940815,3094.82438910646,45089.492634852,7803978.89408268,2793.56025424237,64885.9050050057,47906104.1374058,6921.42356292445,YKG
2003,SWANN,4859.58219374537,83473.8512266118,288.918416212279,4859.58219374537,83473.8512266118,288.918416212279,0,0,0,0,0,0,4859.58219374537,83473.8512266118,288.918416212279,YKG
2003,TAVS,8232.21507703523,2776798.39591982,1666.37282620661,8980.01854801864,2992615.43868566,1729.91775489058,5283.57206198859,830550.635031426,911.345508043698,4535.76859100519,702831.907559708,838.350706780705,3696.44648603004,1406389.88929538,1185.91310360219,YKG
2003,TUSW,21962.4833869692,3653384.94961659,1911.38299396447,32722.4768863833,4517013.07456656,2125.32658068509,24664.8905494947,1138447.52451581,1066.98056426338,13904.8970500806,400592.195321936,632.92353039047,8057.58633688865,3139164.55870743,1771.76876558637,YKG
2003,JAEG,0,0,0,0,0,0,0,0,0,0,0,0,0,0,0,YKG
2003,SACR,9916.33057881595,511258.619454539,715.023509721561,14000.0427760917,786495.414353693,886.84576694806,10957.5645590193,453356.929298512,673.317851611341,6873.85236174359,218706.639161064,467.66081636274,3042.47821707237,251298.17869694,501.296497790419,YKG
2003,COEI,0,0,0,0,0,0,0,0,0,0,0,0,0,0,0,YKG
2003,SPEI,0,0,0,0,0,0,0,0,0,0,0,0,0,0,0,YKG
2003,BLSC,0,0,0,0,0,0,0,0,0,0,0,0,0,0,0,YKG
2003,LTDU,0,0,0,0,0,0,0,0,0,0,0,0,0,0,0,YKG
2003,UNSC,0,0,0,0,0,0,0,0,0,0,0,0,0,0,0,YKG
2003,SNGO,0,0,0,0,0,0,0,0,0,0,0,0,0,0,0,YKG
2003,STEI,0,0,0,0,0,0,0,0,0,0,0,0,0,0,0,YKG
2003,KIEI,0,0,0,0,0,0,0,0,0,0,0,0,0,0,0,YKG
2004,BRAN,17198.1754306051,1864314.9167363,1365.39917853216,19172.1225460574,2151367.42581795,1466.75404407759,7363.49765259471,374976.482320985,612.353233290219,5389.55053714244,202219.63018961,449.688370084896,11808.6248934627,1293809.03329692,1137.45726658056,YKG
2004,CCGO,39987.1620188288,2064954.32491817,1436.99489383859,51741.0819790664,3079800.46558495,1754.93602891528,41246.8692102584,2212994.99846403,1487.6138606722,29492.9492500207,1264623.63057721,1124.55485885625,10494.212768808,484465.417249276,696.035499992117,YKG
2004,EMGO,17598.2730001739,492661.256690284,701.898323612676,21513.6803948322,691058.79762009,831.299463262241,14432.9417078252,375958.811329567,613.154802092887,10517.5343131669,205197.130835312,452.986899187285,7080.73868700709,202151.421401767,449.612523626475,YKG
2004,GWFG,88447.8317467605,29612451.6089203,5441.73240879413,97897.7642415532,34229274.3784191,5850.57897805158,47249.0328685564,8615894.44206314,2935.28438861776,37799.1003737637,5847606.44264105,2418.18246677976,50648.7313729968,11866273.6186134,3444.74579883819,YKG
2004,SWANN,5393.29035348773,115846.784114347,340.36272433148,5393.29035348773,115846.784114347,340.36272433148,0,0,0,0,0,0,5393.29035348773,115846.784114347,340.36272433148,YKG
2004,TAVS,6614.89850163521,6461804.7261788,2542.0080106441,7684.2101921846,7115668.36109174,2667.52101417997,4608.95538289234,1124275.97098854,1060.31880629768,3539.64369234295,808129.770535494,898.960383184651,3075.25480929226,3357871.08963527,1832.44947805806,YKG
2004,TUSW,26254.8370912621,3483881.06401794,1866.51575509502,38589.0378765042,4892175.91828431,2211.82637616163,29377.2535148826,2221440.81120363,1490.44986873213,17043.0527296404,802055.304486242,895.575404132026,9211.78436162162,2695951.63370584,1641.93533176732,YKG
2004,JAEG,0,0,0,0,0,0,0,0,0,0,0,0,0,0,0,YKG
2004,SACR,9798.94679979541,594053.712480886,770.748799856922,14397.5368920088,1177151.28685067,1084.96603027499,11920.7877710664,855856.88374459,925.125334073492,7322.19767885298,350647.524532898,592.154983541385,2476.74912094243,115473.773405848,339.814321955164,YKG
2004,COEI,0,0,0,0,0,0,0,0,0,0,0,0,0,0,0,YKG
2004,SPEI,0,0,0,0,0,0,0,0,0,0,0,0,0,0,0,YKG
2004,BLSC,0,0,0,0,0,0,0,0,0,0,0,0,0,0,0,YKG
2004,LTDU,0,0,0,0,0,0,0,0,0,0,0,0,0,0,0,YKG
2004,UNSC,0,0,0,0,0,0,0,0,0,0,0,0,0,0,0,YKG
2004,SNGO,0,0,0,0,0,0,0,0,0,0,0,0,0,0,0,YKG
2004,STEI,0,0,0,0,0,0,0,0,0,0,0,0,0,0,0,YKG
2004,KIEI,0,0,0,0,0,0,0,0,0,0,0,0,0,0,0,YKG
2005,BRAN,19299.830801596,2874843.09751799,1695.53622713229,20666.9595573232,3009533.94012921,1734.80083586826,5684.01016391991,205263.288943972,453.059917609108,4316.88140819276,117574.624063098,342.891563126154,14982.9493934032,2589858.26457302,1609.3036582861,YKG
2005,CCGO,55839.0672752746,4363122.54711101,2088.80888238034,66596.9813521457,5699175.82512337,2387.29466658881,45204.0529645989,2809330.90903773,1676.10587644031,34446.1388877279,1655023.32506942,1286.47709854059,21392.9283875467,1986929.61547332,1409.5849089265,YKG
2005,EMGO,16854.7904692716,838571.060130482,915.735256572817,20739.302501903,1164895.00266603,1079.30301707446,15025.2229462995,439533.04865273,662.972886815691,11140.7109136682,239078.972067651,488.957024765624,5714.07955560345,324312.980271861,569.484837613664,YKG
2005,GWFG,96123.536434939,31318100.3775109,5596.25771185628,103758.296681939,33343742.4234917,5774.40407518314,45836.241052636,4094126.37729609,2023.39476556012,38201.4808056358,3187847.272748,1785.45436030944,57922.0556293032,18700032.3394304,4324.35340131105,YKG
2005,SWANN,3652.34105925568,91820.8405754399,303.019538273425,3652.34105925568,91820.8405754399,303.019538273425,0,0,0,0,0,0,3652.34105925568,91820.8405754399,303.019538273425,YKG
2005,TAVS,5783.94357349953,3606993.17086013,1899.2085643394,6828.05664952047,4007330.27568104,2001.83173011146,4127.50540552613,514108.557119072,717.013638028644,3083.39232950519,295683.704097068,543.768060938731,2700.55124399434,2928779.03564927,1711.36759220492,YKG
2005,TUSW,23597.6421773543,5105412.21819592,2259.5159256345,33339.822612599,6432290.6400879,2536.19609653668,24095.5570721889,1821467.29701773,1349.61746321605,14353.3766369442,611907.704630677,782.245296969357,9244.26554041009,4312112.54981849,2076.56267659286,YKG
2005,JAEG,0,0,0,0,0,0,0,0,0,0,0,0,0,0,0,YKG
2005,SACR,10093.9494796439,621327.156459146,788.243082087719,14304.7509444182,921846.079713571,960.128157963077,11372.1079273381,482425.65768889,694.568684644571,7161.30646256372,240146.820377279,490.047773566291,2932.64301708015,222495.831393722,471.694637868316,YKG
2005,COEI,0,0,0,0,0,0,0,0,0,0,0,0,0,0,0,YKG
2005,SPEI,0,0,0,0,0,0,0,0,0,0,0,0,0,0,0,YKG
2005,BLSC,0,0,0,0,0,0,0,0,0,0,0,0,0,0,0,YKG
2005,LTDU,0,0,0,0,0,0,0,0,0,0,0,0,0,0,0,YKG
2005,UNSC,0,0,0,0,0,0,0,0,0,0,0,0,0,0,0,YKG
2005,SNGO,8.27438364753702,30.195474957299,5.49504094227687,16.548767295074,120.781899829196,10.9900818845537,16.548767295074,120.781899829196,10.9900818845537,8.27438364753702,30.195474957299,5.49504094227687,0,0,0,YKG
2005,STEI,0,0,0,0,0,0,0,0,0,0,0,0,0,0,0,YKG
2005,KIEI,0,0,0,0,0,0,0,0,0,0,0,0,0,0,0,YKG
2006,BRAN,15965.3229721231,1973780.40033543,1404.9129511594,18835.4183510817,2613919.41255765,1616.76201481778,10698.1124944537,1040394.46642061,1019.99728745748,7828.01711549519,537061.236561066,732.844619657582,8137.30585662794,1149465.55593821,1072.13131468967,YKG
2006,CCGO,62009.262657232,5256685.68848858,2292.74632013413,73499.931253416,6691518.20677057,2586.79690095117,49024.9119986604,2951238.82743523,1717.91700248738,37534.2434024763,1830268.8347383,1352.87428637634,24475.0192547557,1938489.96631205,1392.29665169175,YKG
2006,EMGO,22478.9121507036,1589185.76657808,1260.62911539361,26324.9683554449,1813856.68141133,1346.79496635952,17558.9263577013,578294.263442224,760.456615095315,13712.87015296,407546.703477296,638.393846678754,8766.04199774357,1019006.52677709,1009.45853147967,YKG
2006,GWFG,128239.137154998,56085554.1991058,7489.028922304,138144.754800897,60624816.6635808,7786.19397803451,71047.0721016159,17523920.7767292,4186.15823598788,61141.454455717,14682946.0987077,3831.83325559812,67097.6826992812,23560174.681328,4853.88243381811,YKG
2006,SWANN,4319.54600216822,111845.297671824,334.432799934193,4319.54600216822,111845.297671824,334.432799934193,0,0,0,0,0,0,4319.54600216822,111845.297671824,334.432799934193,YKG
2006,TAVS,8207.60239179843,2818028.0003023,1678.69830532538,9520.31307242193,3821084.48533929,1954.75944436631,6628.73050570281,2506580.64058574,1583.21844373597,5316.01982507931,1593365.36690129,1262.28577069588,2891.58256671913,779375.795737944,882.82262982886,YKG
2006,TUSW,31160.7112773672,5535411.05174879,2352.7454285895,42931.9458055956,7870049.81004997,2805.3609054897,34111.8483701324,3747997.12746682,1935.97446456993,22340.6138419041,1738730.78795665,1318.60941448052,8820.09743546313,3061491.94785145,1749.71196139577,YKG
2006,JAEG,0,0,0,0,0,0,0,0,0,0,0,0,0,0,0,YKG
2006,SACR,11284.4587984677,993285.536485132,996.637113740569,15548.8948155203,1613534.61120182,1270.24982235851,12850.1590544577,911032.300728254,954.480120656399,8585.7230374051,427459.299370221,653.803716240755,2698.73576106262,266643.89375643,516.375729248025,YKG
2006,COEI,0,0,0,0,0,0,0,0,0,0,0,0,0,0,0,YKG
2006,SPEI,0,0,0,0,0,0,0,0,0,0,0,0,0,0,0,YKG
2006,BLSC,0,0,0,0,0,0,0,0,0,0,0,0,0,0,0,YKG
2006,LTDU,0,0,0,0,0,0,0,0,0,0,0,0,0,0,0,YKG
2006,UNSC,0,0,0,0,0,0,0,0,0,0,0,0,0,0,0,YKG
2006,SNGO,0,0,0,0,0,0,0,0,0,0,0,0,0,0,0,YKG
2006,STEI,0,0,0,0,0,0,0,0,0,0,0,0,0,0,0,YKG
2006,KIEI,0,0,0,0,0,0,0,0,0,0,0,0,0,0,0,YKG
2007,BRAN,17324.3136039358,3005018.28192302,1733.49885547208,19891.2471349677,3454862.98158686,1858.72617176034,9064.20917889338,476931.941727338,690.602593194768,6497.2756478615,239940.888019268,489.837613928604,10827.0379560743,2218990.89574909,1489.62777087066,YKG
2007,CCGO,64762.0119223082,4223428.34175943,2055.09813433798,78011.2871877381,5560661.2772596,2358.10544235401,54317.7414149452,3222061.56583721,1795.01018544108,41068.4661495153,1945213.47661137,1394.70910107139,23693.5457727929,1553810.8211118,1246.51948284485,YKG
2007,EMGO,23197.7165220398,2321246.70269012,1523.56381641535,26281.0068648429,2536998.76424004,1592.79589534882,15582.311467436,807354.589155347,898.529125379554,12499.0211246329,604378.062031724,777.417559636855,10698.6953974069,1327105.59132472,1152.00069067892,YKG
2007,GWFG,155245.561274578,83580014.2837016,9142.21057970673,165249.853268435,92359916.1062276,9610.40665665234,63920.893452805,17586497.7179622,4193.62584382086,53916.6014589476,13253981.9444323,3640.60186568544,101328.95981563,41492837.6402123,6441.49343244346,YKG
2007,SWANN,4452.89560421726,97416.4948909073,312.116156087613,4452.89560421726,97416.4948909073,312.116156087613,0,0,0,0,0,0,4452.89560421726,97416.4948909073,312.116156087613,YKG
2007,TAVS,5105.04317847835,2156996.1026107,1468.67154347413,5784.70471248365,2538594.35325848,1593.29669341855,3828.05740279727,787221.340186984,887.254946555376,3148.39586879197,515018.957115866,717.648212647301,1956.64730968638,1591126.33362585,1261.39856255898,YKG
2007,TUSW,30211.1400585621,11982248.7317967,3461.53849202875,43096.4825548285,14156773.8557953,3762.54885095135,32960.9228277,2175576.54912376,1474.98357588271,20075.5803314336,824637.82222429,908.09571203937,10135.5597271285,9869684.07797139,3141.60533453383,YKG
2007,JAEG,0,0,0,0,0,0,0,0,0,0,0,0,0,0,0,YKG
2007,SACR,8513.68297330043,333837.322999609,577.786572187005,13225.8094815679,743712.733808743,862.387809404066,12690.6457867747,721307.179695046,849.298051154626,7978.51927850714,317254.415878677,563.253420654217,535.16369479329,11729.1990654988,108.301426885793,YKG
2007,COEI,0,0,0,0,0,0,0,0,0,0,0,0,0,0,0,YKG
2007,SPEI,0,0,0,0,0,0,0,0,0,0,0,0,0,0,0,YKG
2007,BLSC,0,0,0,0,0,0,0,0,0,0,0,0,0,0,0,YKG
2007,LTDU,0,0,0,0,0,0,0,0,0,0,0,0,0,0,0,YKG
2007,UNSC,0,0,0,0,0,0,0,0,0,0,0,0,0,0,0,YKG
2007,SNGO,325.141746744348,81791.0285921107,285.991308595402,325.141746744348,81791.0285921107,285.991308595402,0,0,0,0,0,0,325.141746744348,81791.0285921107,285.991308595402,YKG
2007,STEI,0,0,0,0,0,0,0,0,0,0,0,0,0,0,0,YKG
2007,KIEI,0,0,0,0,0,0,0,0,0,0,0,0,0,0,0,YKG
2008,BRAN,25344.2835087444,3181993.90954663,1783.81442688039,28361.6152739474,3728535.9099051,1930.9417158229,12672.9312955314,725054.268363499,851.501185180326,9655.59953032846,390018.063931081,624.514262392046,15688.683978416,2100585.2151226,1449.33957895401,YKG
2008,CCGO,75511.032180166,6463495.52221595,2542.34055984165,86074.3325424589,7758234.2173631,2785.3606978923,54257.379620305,3415949.36668503,1848.2287105997,43694.0792580121,2283364.4016724,1511.08054109382,31816.9529221539,3344983.42845642,1828.92958542871,YKG
2008,EMGO,19663.3324557951,695755.685522014,834.119706949796,22543.1706417958,850485.471142371,922.217691839823,16436.5721318846,383605.096049906,619.358616675271,13556.7339458839,270248.214482879,519.854031900186,6106.59850991128,236713.451149417,486.532065900509,YKG
2008,GWFG,153624.238151186,83422505.9024454,9133.59216860734,162076.094691007,89564998.408545,9463.87861336698,73400.4035835567,14409245.5477361,3795.9512046042,64948.5470437358,11515441.9390714,3393.44101747347,88675.6911074503,40259531.8974826,6345.03994451434,YKG
2008,SWANN,3759.29242750583,72259.0475965666,268.810430594809,3759.29242750583,72259.0475965666,268.810430594809,0,0,0,0,0,0,3759.29242750583,72259.0475965666,268.810430594809,YKG
2008,TAVS,9248.9392384728,3104553.55190118,1761.97433349671,10598.3840571179,3758823.68575935,1938.76860036451,5955.01568486488,1224739.74790828,1106.67960490301,4605.5708662198,817477.194804419,904.14445461133,4643.368372253,1501527.41071341,1225.36827554552,YKG
2008,TUSW,32086.5135414804,10765273.1009414,3281.04756151773,42411.2552932063,12451164.2445146,3528.62072834622,30329.0222215746,2578331.56777011,1605.71839616108,20004.2804698487,1242594.3050548,1114.71714127612,12082.2330716317,9367046.87423619,3060.56316292218,YKG
2008,JAEG,0,0,0,0,0,0,0,0,0,0,0,0,0,0,0,YKG
2008,SACR,10104.1303695406,448609.690900451,669.783316379597,15153.1744766226,791739.427884093,889.797408337478,13246.6252533257,539739.703236444,734.669791972178,8197.58114624364,232235.554417924,481.908242737063,1906.54922329693,166991.458710132,408.645884244699,YKG
2008,COEI,0,0,0,0,0,0,0,0,0,0,0,0,0,0,0,YKG
2008,SPEI,0,0,0,0,0,0,0,0,0,0,0,0,0,0,0,YKG
2008,BLSC,0,0,0,0,0,0,0,0,0,0,0,0,0,0,0,YKG
2008,LTDU,0,0,0,0,0,0,0,0,0,0,0,0,0,0,0,YKG
2008,UNSC,0,0,0,0,0,0,0,0,0,0,0,0,0,0,0,YKG
2008,SNGO,0,0,0,0,0,0,0,0,0,0,0,0,0,0,0,YKG
2008,STEI,0,0,0,0,0,0,0,0,0,0,0,0,0,0,0,YKG
2008,KIEI,0,0,0,0,0,0,0,0,0,0,0,0,0,0,0,YKG
2009,BRAN,20960.6821335908,2042588.60638707,1429.19159191029,23000.5742967452,2301096.69593497,1516.93661566163,8853.89121273035,699075.133544674,836.107130423293,6813.99904957589,492919.698085295,702.082401207505,14146.6830840149,1393017.8245676,1180.26176103761,YKG
2009,CCGO,55062.1555813846,3918033.67610604,1979.40235326374,70187.8100474622,5788197.00329488,2405.86720400251,54740.4992590932,3322788.19112263,1822.85166459661,39614.8447930156,1786746.77471051,1336.69247574396,15447.3107883689,1029683.18801762,1014.73306244432,YKG
2009,EMGO,17198.4379578631,589308.969093959,767.66462019163,20498.0441666294,699284.446730831,836.232292327216,13680.8233891996,259575.505860896,509.485530570688,10381.2171804333,164860.817921957,406.030562792946,6817.2207774298,269566.774177601,519.198203172547,YKG
2009,GWFG,133732.140819511,73617835.929969,8580.08367849457,143955.408022281,80749586.4427812,8986.07736683706,66841.0157007757,15477256.4701573,3934.11444548291,56617.7484980054,11971573.9332164,3459.99623312171,77114.3923215057,32245076.2210518,5678.47481468852,YKG
2009,SWANN,3839.54588003968,75104.9099989868,274.052750394859,3839.54588003968,75104.9099989868,274.052750394859,0,0,0,0,0,0,3839.54588003968,75104.9099989868,274.052750394859,YKG
2009,TAVS,6766.15545406487,2501135.03868838,1581.49772010218,7716.0992225611,2871461.34129335,1694.53868096699,4300.53172072192,910556.818961608,954.231009222404,3350.58795222569,620409.654937324,787.660875591345,3415.56750183918,1108368.94441113,1052.79102599287,YKG
2009,TUSW,26692.7841319312,6000485.20662207,2449.58878316792,37304.5005136642,8060120.35292517,2839.03510949146,29918.6149463439,2691925.37141177,1640.7088015281,19306.8985646109,1115217.76733023,1056.03871488229,7385.88556732029,4125756.60614007,2031.1958561744,YKG
2009,JAEG,0,0,0,0,0,0,0,0,0,0,0,0,0,0,0,YKG
2009,SACR,11894.4674770732,1115276.21936927,1056.06638965989,16340.4078546249,1614613.39563987,1270.67438615873,13356.180871044,840956.946553922,917.037047536206,8888.84864823346,427959.813596142,654.186375275534,3005.61882883972,566193.583560961,752.458360017988,YKG
2009,COEI,0,0,0,0,0,0,0,0,0,0,0,0,0,0,0,YKG
2009,SPEI,0,0,0,0,0,0,0,0,0,0,0,0,0,0,0,YKG
2009,BLSC,0,0,0,0,0,0,0,0,0,0,0,0,0,0,0,YKG
2009,LTDU,0,0,0,0,0,0,0,0,0,0,0,0,0,0,0,YKG
2009,UNSC,0,0,0,0,0,0,0,0,0,0,0,0,0,0,0,YKG
2009,SNGO,106.279197401068,3514.14770256632,59.2802471533842,212.558394802136,14056.5908102653,118.560494306768,212.558394802136,14056.5908102653,118.560494306768,106.279197401068,3514.14770256632,59.2802471533842,0,0,0,YKG
2009,STEI,0,0,0,0,0,0,0,0,0,0,0,0,0,0,0,YKG
2009,KIEI,0,0,0,0,0,0,0,0,0,0,0,0,0,0,0,YKG
2010,BRAN,20625.1862745957,2499209.61935628,1580.888870021,23107.9418759023,3281854.09541401,1811.58883177558,8262.90889072347,1104298.07646476,1050.85587806547,5780.1532894168,511274.863200471,715.034868520739,14845.0329851789,1544026.41340649,1242.58859378577,YKG
2010,CCGO,69989.3776663105,13734820.6616881,3706.0518967883,84949.5150186755,15493436.3856989,3936.17026889067,51923.3777833654,2787358.36085972,1669.53836759139,36963.2404310004,1429800.47648656,1195.74264642797,33026.1372353101,10941131.6970089,3307.73815423907,YKG
2010,EMGO,16626.5952509923,683135.950321446,826.520387117853,19903.2170201875,817605.56970862,904.21544429888,13936.6299082756,309957.847339996,556.738580789939,10660.0081390805,209200.448414732,457.384355236088,5966.58711191183,327039.371213023,571.873562260945,YKG
2010,GWFG,161310.222173155,211443149.883479,14541.0848936205,173093.829941515,230633819.415073,15186.6329189545,74683.7786904546,41303433.0750373,6426.77470237111,62900.1709220947,32602788.7223286,5709.88517593205,98410.0512510603,89804926.5765198,9476.54613118724,YKG
2010,SWANN,4766.66257824456,132927.530801799,364.592280227927,4766.66257824456,132927.530801799,364.592280227927,0,0,0,0,0,0,4766.66257824456,132927.530801799,364.592280227927,YKG
2010,TAVS,7486.06994890137,3011433.6221805,1735.3482711492,9143.74850409485,4322855.15105186,2079.14769822922,7064.64925089449,2720720.21352017,1649.46058259061,5406.97069570101,1675512.5817985,1294.41592303189,2079.09925320036,401374.767619839,633.541449014852,YKG
2010,TUSW,36757.144407508,15043261.2072644,3878.5643229505,49781.1819811338,15950094.5626484,3993.75694836934,33236.6514689468,2487844.53788186,1577.29025162836,20212.6138953209,1060373.60985225,1029.74443909751,16544.5305121871,13996386.2564856,3741.17444881759,YKG
2010,JAEG,0,0,0,0,0,0,0,0,0,0,0,0,0,0,0,YKG
2010,SACR,12664.3882421013,1240363.03753118,1113.71586930024,19254.1222184118,2388077.13625589,1545.34045965797,17326.6404655598,1725647.47231657,1313.63901902942,10736.9064892494,729424.275234239,854.063390641608,1927.48175285191,204237.493548063,451.926424927845,YKG
2010,COEI,0,0,0,0,0,0,0,0,0,0,0,0,0,0,0,YKG
2010,SPEI,0,0,0,0,0,0,0,0,0,0,0,0,0,0,0,YKG
2010,BLSC,0,0,0,0,0,0,0,0,0,0,0,0,0,0,0,YKG
2010,LTDU,0,0,0,0,0,0,0,0,0,0,0,0,0,0,0,YKG
2010,UNSC,0,0,0,0,0,0,0,0,0,0,0,0,0,0,0,YKG
2010,SNGO,0,0,0,0,0,0,0,0,0,0,0,0,0,0,0,YKG
2010,STEI,0,0,0,0,0,0,0,0,0,0,0,0,0,0,0,YKG
2010,KIEI,0,0,0,0,0,0,0,0,0,0,0,0,0,0,0,YKG
2011,BRAN,12516.166745493,902676.938808832,950.093121124888,16261.9222411241,1546085.21030505,1243.41674844159,12396.4393079836,1084451.90533677,1041.37020570822,8650.68381235253,506981.238611252,712.026150229928,3865.48293314049,207857.843178025,455.914293675933,YKG
2011,CCGO,44689.3171017506,2647824.14725165,1627.21361451152,56708.605602142,3821788.99304434,1954.93963923297,44814.8648961141,2455072.19349686,1566.86699930047,32795.5763957227,1475936.48607328,1214.88126418728,11893.7407060279,555523.256962496,745.334325630113,YKG
2011,EMGO,17259.8830034108,770756.623700097,877.927459247116,21318.9315472997,999014.277157862,999.507017062843,14933.2297862383,403500.178034348,635.216638663022,10874.1812423493,227545.646521281,477.017448864589,6385.70176106146,338456.180262572,581.769868816332,YKG
2011,GWFG,153261.918770794,114679849.840718,10708.8678132059,169454.559605869,134860988.137324,11612.9663797552,85017.4623729088,31247505.0840026,5589.9467872246,68824.8215378337,21144676.978118,4598.33415250763,84437.09723296,43708735.8952625,6611.25826868551,YKG
2011,SWANN,6128.04184457863,200035.886654927,447.253716200242,6128.04184457863,200035.886654927,447.253716200242,0,0,0,0,0,0,6128.04184457863,200035.886654927,447.253716200242,YKG
2011,TAVS,4958.2567007095,1010518.19687723,1005.24534163419,5948.11473922515,1424708.31287746,1193.61145808737,4583.1379559769,904549.200172281,951.077914879891,3593.27991746125,554925.653864198,744.933321757188,1364.97678324825,335728.525454405,579.420853485966,YKG
2011,TUSW,29559.3623997717,7167851.02400585,2677.28426283162,43974.9881870143,9662667.22265122,3108.48310638022,35755.2928209301,3099998.44250237,1760.68124386624,21339.6670336875,1164339.25281218,1079.04552860951,8219.69536608423,4595440.29182836,2143.69780795437,YKG
2011,JAEG,0,0,0,0,0,0,0,0,0,0,0,0,0,0,0,YKG
2011,SACR,8655.45323255959,363109.867901149,602.585983824009,13302.1341394502,738318.778732199,859.254781035403,12406.5530722286,607589.29341452,779.480143053381,7759.87216533799,258319.188771653,508.251107988613,895.581067221599,49646.693166698,222.815379107229,YKG
2011,COEI,0,0,0,0,0,0,0,0,0,0,0,0,0,0,0,YKG
2011,SPEI,0,0,0,0,0,0,0,0,0,0,0,0,0,0,0,YKG
2011,BLSC,0,0,0,0,0,0,0,0,0,0,0,0,0,0,0,YKG
2011,LTDU,0,0,0,0,0,0,0,0,0,0,0,0,0,0,0,YKG
2011,UNSC,0,0,0,0,0,0,0,0,0,0,0,0,0,0,0,YKG
2011,SNGO,0,0,0,0,0,0,0,0,0,0,0,0,0,0,0,YKG
2011,STEI,0,0,0,0,0,0,0,0,0,0,0,0,0,0,0,YKG
2011,KIEI,0,0,0,0,0,0,0,0,0,0,0,0,0,0,0,YKG
2012,BRAN,17102.5375579818,5276775.60475048,2297.12333250753,21650.0906329255,7137215.28889882,2671.55671639193,17555.8142219649,4219030.99715834,2054.02799327525,13008.2611470213,2565616.00578539,1601.75404035245,4094.27641096055,1667423.13922833,1291.2873960619,YKG
2012,CCGO,47162.7881022919,3845672.27836818,1961.03857136166,61636.2127787005,5609859.32481282,2368.51415972394,53226.9299347216,4390549.80663028,2095.36388406173,38753.5052583131,2495149.65267401,1579.60427090902,8409.28284397886,974372.799681219,987.103236587349,YKG
2012,EMGO,18588.2858041687,1542786.32678648,1242.08950031247,20627.5732866312,1754152.94872026,1324.44439246057,17550.2355212018,1280527.98351004,1131.6041637914,15510.9480387392,1100010.75330366,1048.813974594,3077.33776542947,237522.795377746,487.363104243383,YKG
2012,GWFG,168301.763399324,157231034.905306,12539.1799933371,181750.226592229,177363349.045682,13317.7831881166,98453.388488629,52170641.3248388,7222.92470712791,85004.9252957237,40340316.3889375,6351.40271034183,83296.8381036002,53451434.9139439,7311.04882448093,YKG
2012,SWANN,4375.90077055447,317732.440014238,563.677602902793,4375.90077055447,317732.440014238,563.677602902793,0,0,0,0,0,0,4375.90077055447,317732.440014238,563.677602902793,YKG
2012,TAVS,7802.27835154769,7848360.69593839,2801.49258359511,9219.53226609774,10208682.4410959,3195.10288427398,6852.87079973514,6655473.2032812,2579.82038198034,5435.61688518509,4810479.69848565,2193.28057906088,2366.6614663626,773323.83123795,879.388327894992,YKG
2012,TUSW,38590.9403368695,23036138.3191851,4799.59772472497,54463.1848449461,31143453.6162269,5580.63200867312,41752.5167756702,9645114.2270001,3105.65842085058,25880.2722675936,3517518.67100674,1875.50491095245,12710.6680692759,14912286.46816,3861.64297523217,YKG
2012,JAEG,0,0,0,0,0,0,0,0,0,0,0,0,0,0,0,YKG
2012,SACR,13264.1304244924,2195245.16597698,1481.63597620231,19340.5088278728,3149805.04545246,1774.76901185829,17230.7215579816,1658305.70899175,1287.75219238476,11154.3431546011,828112.791443719,910.007028238639,2109.78726989124,627563.907007038,792.189312605919,YKG
2012,COEI,0,0,0,0,0,0,0,0,0,0,0,0,0,0,0,YKG
2012,SPEI,0,0,0,0,0,0,0,0,0,0,0,0,0,0,0,YKG
2012,BLSC,0,0,0,0,0,0,0,0,0,0,0,0,0,0,0,YKG
2012,LTDU,0,0,0,0,0,0,0,0,0,0,0,0,0,0,0,YKG
2012,UNSC,0,0,0,0,0,0,0,0,0,0,0,0,0,0,0,YKG
2012,SNGO,0,0,0,0,0,0,0,0,0,0,0,0,0,0,0,YKG
2012,STEI,0,0,0,0,0,0,0,0,0,0,0,0,0,0,0,YKG
2012,KIEI,0,0,0,0,0,0,0,0,0,0,0,0,0,0,0,YKG
2013,BRAN,19579.3978960097,6424535.46587282,2534.66673664859,23867.1739738781,8723407.7487654,2953.54156035858,12953.5660335931,2428479.78974641,1558.35804285999,8665.78995572459,954932.662355728,977.206560741243,10913.6079402851,3958075.75869995,1989.49133164735,YKG
2013,CCGO,78177.1134486118,13883758.0716596,3726.09152754727,94873.6012871863,17686202.0448615,4205.49664663538,68948.2252477771,8316358.20278079,2883.80966826536,52251.7374092027,5213697.88634856,2283.35233513108,25925.3760394091,4595718.60990455,2143.76272238897,YKG
2013,EMGO,25377.2921032517,2775244.4939943,1665.90650817935,29876.2965370005,3348266.90265173,1829.82701440648,19520.24661184,1285755.0613042,1133.9113992302,15021.2421780912,880726.473853389,938.470283947973,10356.0499251605,1446443.54330788,1202.68181299456,YKG
2013,GWFG,152402.208916909,205821960.531845,14346.4964549483,163895.632509484,231906279.758677,15228.4693833188,93591.0270339456,108706270.173342,10426.2299117822,82097.6034413708,91291641.5397074,9554.66595646899,70304.6054755381,47979514.5111251,6926.72465968766,YKG
2013,SWANN,3709.13240945175,162251.134272621,402.804089195506,3709.13240945175,162251.134272621,402.804089195506,0,0,0,0,0,0,3709.13240945175,162251.134272621,402.804089195506,YKG
2013,TAVS,8413.24863027754,5073650.97810412,2252.47663208836,9362.80137936299,5908151.10549478,2430.66885969578,4106.75844442457,1022039.59990708,1010.95974198139,3157.20569533912,578949.279514711,760.887166086215,5256.04293493842,2800474.28335729,1673.4617663267,YKG
2013,TUSW,19444.6935322833,2595517.84396209,1611.06109256045,30989.2581104721,6368026.15592408,2523.49482977954,29223.7223054876,6052456.62307916,2460.17410422091,17679.1577272988,2162526.88237779,1470.55325723953,1765.53580498449,553992.441243943,744.306684938368,YKG
2013,JAEG,0,0,0,0,0,0,0,0,0,0,0,0,0,0,0,YKG
2013,SACR,8402.05438102731,522381.155705877,722.759403747801,13461.3419879258,1270214.82522907,1127.03807621086,12642.0531523491,1241052.66319449,1114.0254320232,7582.76554545058,469916.901032066,685.504851209724,819.288835576729,97572.8920657642,312.366598831828,YKG
2013,COEI,0,0,0,0,0,0,0,0,0,0,0,0,0,0,0,YKG
2013,SPEI,0,0,0,0,0,0,0,0,0,0,0,0,0,0,0,YKG
2013,BLSC,0,0,0,0,0,0,0,0,0,0,0,0,0,0,0,YKG
2013,LTDU,0,0,0,0,0,0,0,0,0,0,0,0,0,0,0,YKG
2013,UNSC,0,0,0,0,0,0,0,0,0,0,0,0,0,0,0,YKG
2013,SNGO,0,0,0,0,0,0,0,0,0,0,0,0,0,0,0,YKG
2013,STEI,0,0,0,0,0,0,0,0,0,0,0,0,0,0,0,YKG
2013,KIEI,0,0,0,0,0,0,0,0,0,0,0,0,0,0,0,YKG
2014,BRAN,22260.4452164108,5246609.51989448,2290.54786457181,23160.2019284183,5735606.02834053,2394.91253041537,3854.94891596235,265877.001801957,515.632622903126,2955.19220395487,126794.831597421,356.082619061112,19305.253012456,4191745.76992294,2047.37533684543,YKG
2014,CCGO,70834.3010407093,10217556.0457545,3196.49120845881,84050.3237250904,13354563.4913415,3654.38961953176,57051.3812752649,5839522.19484331,2416.51033410646,43835.3585908839,3595348.35691511,1896.14038428464,26998.9424498254,4221501.93442674,2054.62939101599,YKG
2014,EMGO,27520.126965013,6221304.2152559,2494.25424030027,31669.1327117819,7089345.45153426,2662.58247788388,16045.3300887615,1015638.27959649,1007.78880704069,11896.3243419925,591553.90392434,769.125414951515,15623.8026230205,4089853.17823515,2022.33854194473,YKG
2014,GWFG,191204.72712904,763942522.408658,27639.5101694776,203368.820228145,826267660.436502,28744.8718980708,85712.0630093571,112364983.485686,10600.2350674731,73547.9699102525,89176489.5060559,9443.33042448774,117656.757218788,360436827.47862,18985.17388592,YKG
2014,SWANN,5045.08155744813,198088.635465975,445.071494780305,5045.08155744813,198088.635465975,445.071494780305,0,0,0,0,0,0,5045.08155744813,198088.635465975,445.071494780305,YKG
2014,TAVS,11175.2676513646,18593587.8598336,4312.02827678966,12953.139925276,23944896.7110243,4893.35229786537,8770.40626210097,10397078.7638374,3224.45014906997,6992.53398818962,6940460.70241383,2634.47541313519,4182.73366317499,3253203.74770471,1803.66397860153,YKG
2014,TUSW,26589.3881938852,13490463.1901786,3672.9365894579,39917.7374629434,17557851.5038069,4190.20900478805,30451.2484990066,5147745.81884289,2268.86443377362,17122.8992299484,1725244.15577737,1313.48549888355,9466.48896393684,10153349.3169045,3186.43206688993,YKG
2014,JAEG,0,0,0,0,0,0,0,0,0,0,0,0,0,0,0,YKG
2014,SACR,9607.15836139395,2124498.48506364,1457.56594535672,14518.3271898417,3952212.98531774,1988.01735035631,12656.8233845032,2489237.74054046,1577.73183416589,7745.65455605547,1029633.54087138,1014.70859899352,1861.50380533848,413016.441967037,642.663552698484,YKG
2014,COEI,0,0,0,0,0,0,0,0,0,0,0,0,0,0,0,YKG
2014,SPEI,0,0,0,0,0,0,0,0,0,0,0,0,0,0,0,YKG
2014,BLSC,0,0,0,0,0,0,0,0,0,0,0,0,0,0,0,YKG
2014,LTDU,0,0,0,0,0,0,0,0,0,0,0,0,0,0,0,YKG
2014,UNSC,0,0,0,0,0,0,0,0,0,0,0,0,0,0,0,YKG
2014,SNGO,0,0,0,0,0,0,0,0,0,0,0,0,0,0,0,YKG
2014,STEI,0,0,0,0,0,0,0,0,0,0,0,0,0,0,0,YKG
2014,KIEI,0,0,0,0,0,0,0,0,0,0,0,0,0,0,0,YKG
2015,BRAN,20055.2449747129,2230592.60077688,1493.5168565426,20856.0282999264,2349188.95851881,1532.70641628422,3971.34341110719,137222.618746188,370.435714728194,3170.56008589366,82141.6012724906,286.603561165054,16884.6848888192,1885768.33286949,1373.23280359504,YKG
2015,CCGO,92161.9530842223,20250516.9830348,4500.0574421928,106385.713786874,22496712.0144814,4743.06989348475,60506.4891412457,4540942.8077033,2130.94880457117,46282.7284385944,2661171.61614634,1631.30978546269,45879.2246456279,14612544.8502389,3822.6358511162,YKG
2015,EMGO,24953.1161034752,1703397.91101165,1305.14286996162,28633.6075987678,1964566.79768481,1401.63005022182,15848.4838177496,548144.763318676,740.367991824793,12167.992322457,333400.128424164,577.408112537539,12785.1237810182,941083.971032892,970.094825794309,YKG
2015,GWFG,144258.522804582,115070508.288991,10727.0922569441,155980.027710011,131764194.151665,11478.8585735545,68180.7199055757,35935534.0037966,5994.62542647967,56459.2150001462,26772449.1915893,5174.2100065217,87799.3078044354,43032951.917776,6559.95060330304,YKG
2015,SWANN,4305.94472764954,236309.099755227,486.116343847054,4305.94472764954,236309.099755227,486.116343847054,0,0,0,0,0,0,4305.94472764954,236309.099755227,486.116343847054,YKG
2015,TAVS,18383.6033262637,23412154.3742462,4838.61078970465,20004.3400234861,26350683.4267722,5133.29167559882,8970.45662969749,5620599.3013274,2370.78031485994,7349.71993247504,3909480.52293375,1977.24063354306,11033.8833937887,11791208.3406232,3433.83289352047,YKG
2015,TUSW,27216.6885021453,24536469.5522133,4953.43007947152,37152.7670779918,28061965.651594,5297.35458994336,22983.7159810202,3583487.3520377,1893.01012993531,13047.6374051736,1262955.71386097,1123.8130244222,14169.0510969717,22068802.269628,4697.74438104374,YKG
2015,JAEG,0,0,0,0,0,0,0,0,0,0,0,0,0,0,0,YKG
2015,SACR,9373.08132548187,621825.68919913,788.559249009946,14288.8400021245,1316016.9412201,1147.17781586818,12064.4375984652,1147829.14491566,1071.36788495627,7148.67892182259,439171.247737451,662.699968113362,2224.40240365928,210564.365752867,458.87292985408,YKG
2015,COEI,0,0,0,0,0,0,0,0,0,0,0,0,0,0,0,YKG
2015,SPEI,0,0,0,0,0,0,0,0,0,0,0,0,0,0,0,YKG
2015,BLSC,0,0,0,0,0,0,0,0,0,0,0,0,0,0,0,YKG
2015,LTDU,0,0,0,0,0,0,0,0,0,0,0,0,0,0,0,YKG
2015,UNSC,0,0,0,0,0,0,0,0,0,0,0,0,0,0,0,YKG
2015,SNGO,0,0,0,0,0,0,0,0,0,0,0,0,0,0,0,YKG
2015,STEI,0,0,0,0,0,0,0,0,0,0,0,0,0,0,0,YKG
2015,KIEI,0,0,0,0,0,0,0,0,0,0,0,0,0,0,0,YKG
2016,BRAN,27998.5597576788,5135894.35639942,2266.25116798633,29672.9955549566,5439685.6357448,2332.31336568326,13499.622728328,1072823.21690244,1035.77179769602,11825.1869310502,869597.502481801,932.522119030858,16173.3728266286,3408039.06143638,1846.08750102382,YKG
2016,CCGO,84821.4914438618,7573545.80008144,2752.00759448106,97728.240181388,9505430.52995376,3083.08782391189,79639.0670972358,6439265.33704211,2537.57075508095,66732.3183597096,4709891.68633285,2170.22848712592,18089.1730841522,1372191.50554527,1171.40578176193,YKG
2016,EMGO,30462.7747088369,3764850.37974985,1940.32223606025,34180.2589049939,4017195.21974671,2004.2941949092,27407.3076231376,1156721.60186652,1075.50992643793,23689.8234269806,927603.42266788,963.121707089961,6772.95128185628,2637754.97322274,1624.11667475669,YKG
2016,GWFG,190632.513493879,228134560.217472,15104.1239473686,205398.155884113,252352030.895782,15885.5919277747,134905.848373495,81153480.094617,9008.52263662677,120140.205983261,67089274.7434629,8190.80427940156,70492.3075106183,74191063.1792663,8613.42342969776,YKG
2016,SWANN,5215.34646728084,151220.849465987,388.871250500712,5215.34646728084,151220.849465987,388.871250500712,0,0,0,0,0,0,5215.34646728084,151220.849465987,388.871250500712,YKG
2016,TAVS,7351.31348370843,3630900.4917183,1905.49219146086,8421.66403975878,4335911.01812683,2082.28504728023,6553.0502038305,1989420.19981458,1410.46807826855,5482.69964778015,1450845.38984963,1204.51043575788,1868.61383592828,1121689.80917251,1059.09858331154,YKG
2016,TUSW,30106.7310576051,18171895.0230837,4262.85057480129,42813.7034617064,20989554.0678606,4581.4358085496,31313.8510591487,2928448.46744852,1711.27100935197,18606.8786550474,1058398.33320487,1028.78488188973,11499.8524025577,15514889.1199038,3938.89440324361,YKG
2016,JAEG,0,0,0,0,0,0,0,0,0,0,0,0,0,0,0,YKG
2016,SACR,17091.5794233607,7843113.08986236,2800.55585373018,23236.4935352448,8615592.58173563,2935.23296890309,18019.1161484821,1365935.99910217,1168.73264654589,11874.202036598,730414.568013771,854.642947676847,5217.37738676273,6914277.05045521,2629.50129310773,YKG
2016,COEI,0,0,0,0,0,0,0,0,0,0,0,0,0,0,0,YKG
2016,SPEI,0,0,0,0,0,0,0,0,0,0,0,0,0,0,0,YKG
2016,BLSC,0,0,0,0,0,0,0,0,0,0,0,0,0,0,0,YKG
2016,LTDU,0,0,0,0,0,0,0,0,0,0,0,0,0,0,0,YKG
2016,UNSC,0,0,0,0,0,0,0,0,0,0,0,0,0,0,0,YKG
2016,SNGO,0,0,0,0,0,0,0,0,0,0,0,0,0,0,0,YKG
2016,STEI,0,0,0,0,0,0,0,0,0,0,0,0,0,0,0,YKG
2016,KIEI,0,0,0,0,0,0,0,0,0,0,0,0,0,0,0,YKG
2017,BRAN,19352.5372826072,2990054.48058015,1729.1773999738,21038.5722690333,3225967.02498371,1796.09772144605,11720.0008992936,1625935.93319636,1275.12192875676,10033.9659128675,1415315.55843712,1189.67035704733,9318.57136973973,1037832.80525164,1018.74079394694,YKG
2017,CCGO,71183.4747177397,5551519.80756335,2356.16633698968,85310.4079874973,7097139.80822933,2664.0457594098,68167.3716109134,4128894.62882195,2031.96816629148,54040.4383411559,2767537.32854769,1663.5916952629,17143.0363765839,1365980.52455738,1168.75169499658,YKG
2017,EMGO,25754.4147506163,1562103.56368554,1249.84141541459,30089.6395719574,2097228.846471,1448.18122017619,24984.2733760482,1649006.96116418,1284.13665984746,20649.0485547071,1122927.48217412,1059.68272712832,5105.36619590918,398440.624763936,631.221533824644,YKG
2017,GWFG,194338.161518363,154712119.323919,12438.3326585166,212303.018750395,181952737.629117,13488.985789492,135531.276296459,87064329.6983975,9330.8268496633,117566.419064427,69080662.4916215,8311.47775618882,76771.7424539361,26945148.0354853,5190.87160653057,YKG
2017,SWANN,5346.2422771218,126081.423776896,355.079461215228,5346.2422771218,126081.423776896,355.079461215228,0,0,0,0,0,0,5346.2422771218,126081.423776896,355.079461215228,YKG
2017,TAVS,8374.14291718404,10030497.0864994,3167.0960020971,9525.4480048849,11629318.807291,3410.1787060638,6868.63432103387,3827350.87368432,1956.36164184547,5717.32923333301,2801247.52730626,1673.69278163773,2656.81368385103,3338517.5544506,1827.16106417869,YKG
2017,TUSW,27030.190284002,12770197.0804121,3573.54125209324,39409.5807625989,15054373.521499,3879.99658782053,30158.4255933365,2671610.94173411,1634.50632967086,17779.0351147396,1038279.63814288,1018.96007681502,9251.15516926236,10551797.0058327,3248.35296817213,YKG
2017,JAEG,0,0,0,0,0,0,0,0,0,0,0,0,0,0,0,YKG
2017,SACR,13959.1774117963,1382275.69666568,1175.70221428118,20312.2900107381,2308894.09115136,1519.50455450168,17328.6279243402,1332569.19249258,1154.3696082679,10975.5153253984,562359.159558744,749.906100494418,2983.66208639791,500384.36000156,707.378512538768,YKG
2017,COEI,0,0,0,0,0,0,0,0,0,0,0,0,0,0,0,YKG
2017,SPEI,0,0,0,0,0,0,0,0,0,0,0,0,0,0,0,YKG
2017,BLSC,0,0,0,0,0,0,0,0,0,0,0,0,0,0,0,YKG
2017,LTDU,0,0,0,0,0,0,0,0,0,0,0,0,0,0,0,YKG
2017,UNSC,0,0,0,0,0,0,0,0,0,0,0,0,0,0,0,YKG
2017,SNGO,0,0,0,0,0,0,0,0,0,0,0,0,0,0,0,YKG
2017,STEI,0,0,0,0,0,0,0,0,0,0,0,0,0,0,0,YKG
2017,KIEI,0,0,0,0,0,0,0,0,0,0,0,0,0,0,0,YKG
2018,BRAN,24732.328850316,5178599.76320823,2275.65370019435,26132.3135813643,5371140.03741599,2317.57201342612,15183.7896465898,2136225.09782096,1461.58307934272,13783.8049155415,1995400.89597739,1412.58659769141,10948.5239347745,1810865.96430573,1345.68419932231,YKG
2018,CCGO,49808.8226134688,3472018.17125529,1863.33522782544,60802.229213909,4732532.47372067,2175.43845551205,55517.4882460232,3676374.02745409,1917.38729198201,44524.0816455831,2512493.16580985,1585.08459263531,5284.74096788577,486272.244497004,697.332233943767,YKG
2018,EMGO,25870.6043997562,1837916.53115874,1355.69780229915,30217.5527985153,2333779.76196001,1527.67135273265,28546.6833804552,2144183.10368705,1464.30294122734,24199.7349816961,1666562.82175534,1290.95422914809,1670.86941806008,49319.7517730616,222.080507413554,YKG
2018,GWFG,173531.596394823,447468599.509623,21153.4536071447,187264.400408418,487830516.186099,22086.8856153623,139557.772750097,145820915.53431,12075.6331318201,125824.968736502,120859386.772398,10993.6066316927,47706.6276583209,172070570.284894,13117.5672395797,YKG
2018,SWANN,5076.15494022129,146670.728844293,382.976146573508,5076.15494022129,146670.728844293,382.976146573508,0,0,0,0,0,0,5076.15494022129,146670.728844293,382.976146573508,YKG
2018,TAVS,13452.7504080643,19497242.3561023,4415.56818043865,15667.7800384294,24547674.1855802,4954.56094781164,13321.4043453581,17184471.1050655,4145.41567337529,11106.374714993,12997486.2309825,3605.20266156876,2346.37569307132,1258809.36134202,1121.96673807294,YKG
2018,TUSW,32245.9811114126,14417313.1197498,3797.01371076663,44221.795049129,16560978.2703533,4069.51818651217,35462.9630877309,3082328.24506006,1755.65607254384,23487.1491500145,1416506.56343111,1190.17081271182,8758.8319613981,12187367.6676938,3491.04105786423,YKG
2018,JAEG,0,0,0,0,0,0,0,0,0,0,0,0,0,0,0,YKG
2018,SACR,15357.6668557609,3538656.70566486,1881.13176190953,20950.4088760621,4532854.47113145,2129.05013354112,17066.1654945391,1518037.11531515,1232.08648856935,11473.4234742378,758965.987139747,871.186539806342,3884.24338152306,1738615.42019459,1318.5656677597,YKG
2018,COEI,0,0,0,0,0,0,0,0,0,0,0,0,0,0,0,YKG
2018,SPEI,0,0,0,0,0,0,0,0,0,0,0,0,0,0,0,YKG
2018,BLSC,0,0,0,0,0,0,0,0,0,0,0,0,0,0,0,YKG
2018,LTDU,0,0,0,0,0,0,0,0,0,0,0,0,0,0,0,YKG
2018,UNSC,0,0,0,0,0,0,0,0,0,0,0,0,0,0,0,YKG
2018,SNGO,0,0,0,0,0,0,0,0,0,0,0,0,0,0,0,YKG
2018,STEI,8.03262292775758,26.9662844511081,5.19290712906635,16.0652458555152,107.865137804432,10.3858142581327,16.0652458555152,107.865137804432,10.3858142581327,8.03262292775758,26.9662844511081,5.19290712906635,0,0,0,YKG
2018,KIEI,0,0,0,0,0,0,0,0,0,0,0,0,0,0,0,YKG
2019,BRAN,20938.1468119661,3306757.12664555,1818.44909927266,22099.883326809,3495989.70584673,1869.75658999955,13530.1439218029,1529898.41671217,1236.89062439335,12368.40740696,1361158.87748594,1166.68713779056,8569.73940500613,1294776.12922846,1137.88230025274,YKG
2019,CCGO,49849.7834311514,3646766.56196805,1909.65090054912,59972.9906586942,4652861.13444324,2157.04917293121,52812.401410628,3289196.28075665,1813.61414880802,42689.1941830852,2365048.58733377,1537.87144694665,7160.58924806627,498712.717855371,706.195948625713,YKG
2019,EMGO,22463.2791863058,1201388.52525961,1096.07870395315,26582.9911694881,1513529.43893083,1230.25584287612,24117.8272854188,1189261.20778172,1090.53253403176,19998.1153022366,888594.33168252,942.652816090059,2465.16388406924,248647.321154334,498.64548644737,YKG
2019,GWFG,129983.808892304,154284135.856923,12421.1165302046,144364.963759625,177196478.185001,13311.5167499801,108420.330911477,85453311.6147109,9244.09604097182,94039.1760441561,68621995.8301228,8283.83943773193,35944.6328481478,22650235.1540545,4759.2263188521,YKG
2019,SWANN,0,0,0,0,0,0,0,0,0,0,0,0,0,0,0,YKG
2019,TAVS,9374.76425423144,7942486.61798643,2818.24176003167,11256.8006134244,10306244.8202247,3210.33406676388,9934.47437711463,7506490.61817207,2739.79755058144,8052.43801792167,5480356.59725244,2341.01614630323,1322.32623630977,320555.227485151,566.175968657405,YKG
2019,TUSW,34680.6296606531,19547080.0730606,4421.20798798932,45996.7762688451,21017215.2452249,4584.45364740717,36246.4660078573,4551256.66604974,2133.36744749931,24930.3193996654,3021807.44738139,1738.33467645945,9750.31026098775,10392751.6608822,3223.77909616683,YKG
2019,JAEG,0,0,0,0,0,0,0,0,0,0,0,0,0,0,0,YKG
2019,SACR,12649.6229059803,670915.34662454,819.094223288469,19073.629449035,1197945.15920633,1094.50681094561,17991.0290782924,1061970.13511646,1030.51935213098,11567.0225352377,552200.501111442,743.101945301883,1082.60037074259,113292.174057375,336.589028426916,YKG
2019,COEI,0,0,0,0,0,0,0,0,0,0,0,0,0,0,0,YKG
2019,SPEI,0,0,0,0,0,0,0,0,0,0,0,0,0,0,0,YKG
2019,BLSC,0,0,0,0,0,0,0,0,0,0,0,0,0,0,0,YKG
2019,LTDU,0,0,0,0,0,0,0,0,0,0,0,0,0,0,0,YKG
2019,UNSC,0,0,0,0,0,0,0,0,0,0,0,0,0,0,0,YKG
2019,SNGO,24.1840913625618,209.669991389215,14.4799858905047,48.3681827251236,838.679965556861,28.9599717810094,48.3681827251236,838.679965556861,28.9599717810094,24.1840913625618,209.669991389215,14.4799858905047,0,0,0,YKG
2019,STEI,0,0,0,0,0,0,0,0,0,0,0,0,0,0,0,YKG
2019,KIEI,8.13770057104712,30.5979262874002,5.53153923310684,16.2754011420942,122.391705149601,11.0630784662137,16.2754011420942,122.391705149601,11.0630784662137,8.13770057104712,30.5979262874002,5.53153923310684,0,0,0,YKG
2021,BRAN,19533.3634124395,3116157.66400837,1765.26419099475,20454.3647701822,3297880.90322887,1816.00685660293,9816.35564545338,1024333.51129935,1012.09362773379,8895.35428771071,908286.722838034,953.040777111889,10638.0091247288,1820648.40582485,1349.31405011022,YKG
2021,CCGO,48151.8816973475,3810227.93197589,1951.98051526543,60465.5142558111,5631098.72809441,2372.99362158738,51114.8297117985,4237047.77782249,2058.40904045394,38801.197153335,2486655.60787457,1576.9133165379,9350.68454401253,876119.695428545,936.012657728807,YKG
2021,EMGO,19409.3412814609,727354.365803281,852.850728910564,24300.3922996805,1005359.59344362,1002.67621565669,22010.8557138627,766310.766642367,875.391778943787,17119.8046956431,505529.972443745,711.006309707407,2289.53658581783,132447.401357541,363.933237500425,YKG
2021,GWFG,112883.545210579,30536798.1907799,5526.01105597699,128627.858477325,37381713.6689211,6114.05869033992,95589.7640706926,22830875.0139613,4778.16649081646,79845.4508039462,17004746.1037772,4123.68113507546,33038.0944066327,4268555.92198987,2066.0483832645,YKG
2021,SWANN,4000.24525331863,85918.1815321871,293.118033447598,4000.24525331863,85918.1815321871,293.118033447598,0,0,0,0,0,0,4000.24525331863,85918.1815321871,293.118033447598,YKG
2021,TAVS,19900.0749310098,51224741.4611291,7157.14618134415,22792.6677672858,62430178.8019011,7901.27703614429,17844.5240474314,35032878.2658885,5918.85785146835,14951.9312111554,26429346.2678504,5140.9479931089,4948.14371985436,4952533.55573112,2225.42884760019,YKG
2021,TUSW,31720.9912803584,5801910.62279316,2408.71555456288,43993.8593779742,7690509.9256477,2773.17686519409,38172.3774020355,4117812.8456194,2029.23947468489,25899.5093044197,2158095.69329054,1469.04584451628,5821.48197593867,4239223.34685359,2058.93743150529,YKG
2021,JAEG,0,0,0,0,0,0,0,0,0,0,0,0,0,0,0,YKG
2021,SACR,12889.9228795049,758300.259497572,870.804374987616,18952.0829253847,1593746.73219535,1262.4368230511,17123.2213525946,1494325.24186383,1222.42596580072,11061.0613067149,674244.460073252,821.123900561451,1828.86157279,80852.1135619915,284.345060730781,YKG
2021,COEI,0,0,0,0,0,0,0,0,0,0,0,0,0,0,0,YKG
2021,SPEI,0,0,0,0,0,0,0,0,0,0,0,0,0,0,0,YKG
2021,BLSC,0,0,0,0,0,0,0,0,0,0,0,0,0,0,0,YKG
2021,LTDU,0,0,0,0,0,0,0,0,0,0,0,0,0,0,0,YKG
2021,UNSC,0,0,0,0,0,0,0,0,0,0,0,0,0,0,0,YKG
2021,SNGO,1637.69921911786,2039725.28886157,1428.1895143368,1637.69921911786,2039725.28886157,1428.1895143368,8.02286569806751,29.9138810009582,5.46935837196267,8.02286569806751,29.9138810009582,5.46935837196267,1629.67635341979,2039695.37498057,1428.17904164029,YKG
2021,STEI,0,0,0,0,0,0,0,0,0,0,0,0,0,0,0,YKG
2021,KIEI,0,0,0,0,0,0,0,0,0,0,0,0,0,0,0,YKG
2022,BRAN,16926.306760056,2528659.60254458,1590.17596590584,18027.7164537885,2671768.10745401,1634.55440639154,6740.01187344064,281017.255914664,530.110607245944,5638.60217970812,207471.899399872,455.490833497088,11287.7045803479,2001376.65882783,1414.70020104184,YKG
2022,CCGO,57586.2122029026,5358225.47677977,2314.7841101882,69681.1068917231,6865377.03725962,2620.18645085796,52508.399296553,3504567.13112227,1872.04891258809,40413.5046077324,2261568.41203507,1503.85119344803,17172.7075951702,1529179.03241403,1236.59978667879,YKG
2022,EMGO,23893.3429174146,1159893.63601397,1076.98358205405,28864.1847295027,1561316.88572076,1249.52666466977,22776.6495209289,849920.127097727,921.91112754849,17805.8077088408,520144.15779112,721.21020360996,6087.53520857382,288379.342151862,537.009629477779,YKG
2022,GWFG,152124.63778812,140858277.33683,11868.3729860849,171090.633333944,174529841.049516,13210.97426572,104929.158844192,73147214.4884756,8552.61448262902,85963.1632983682,51442098.2941536,7172.31470964246,66161.4744897514,26208913.3716846,5119.46416841495,YKG
2022,SACR,9300.83632252733,424439.437573225,651.490166904479,13324.9401071371,709400.658015452,842.259258195155,12414.0876695144,541309.760598831,735.737562313378,8389.98388490465,289365.897583067,537.927409213425,910.852437622679,75780.3980089646,275.282396838164,YKG
2022,SNGO,63.5217345593353,3292.33111941293,57.3788386028589,63.5217345593353,3292.33111941293,57.3788386028589,63.5217345593353,3292.33111941293,57.3788386028589,63.5217345593353,3292.33111941293,57.3788386028589,0,0,0,YKG
2022,TAVS,10362.8513313627,16962204.9855324,4118.51975660338,11733.1230590556,20633060.7812595,4542.36290726088,8807.07554884318,9950342.50931858,3154.41635002715,7436.8038211502,7468826.23707762,2732.9153366099,2926.04751021246,2062247.89366189,1436.05288679139,YKG
2022,TUSW,27899.0319703538,9029323.91726834,3004.88334503493,37652.4651388298,9897640.32413881,3146.05154505434,29623.6520721188,2151509.00411506,1466.80230573689,19870.2189036428,962675.281511559,981.160171180812,8028.81306671102,9056050.93461058,3009.32732261058,YKG
